age,monthly_allowance,savings_rate,financial_literacy_score,investment_horizon,risk_tolerance,recommended_sip
19,3509,0.35,86,12,Low,642.0
16,3493,0.33,20,10,Low,133.0
17,1462,0.2,46,13,High,126.0
19,4132,0.5,59,18,High,1604.0
15,2327,0.46,33,10,Medium,147.0
17,2113,0.45,88,19,Low,575.0
17,2140,0.53,98,17,Low,799.0
19,2716,0.45,25,16,High,376.0
14,4812,0.18,52,5,Low,254.0
15,877,0.44,74,3,Medium,107.0
19,4714,0.22,38,15,Low,243.0
15,4785,0.18,96,2,Medium,360.0
15,869,0.09,48,13,Low,100.0
17,2696,0.46,80,8,Medium,836.0
16,4247,0.44,89,17,High,2058.0
15,1151,0.18,98,4,Medium,117.0
18,1269,0.46,99,19,Low,375.0
17,2921,0.55,43,9,High,669.0
14,1280,0.11,42,15,Low,100.0
16,2216,0.18,29,9,Medium,100.0
18,4483,0.46,73,9,Medium,1098.0
18,1811,0.2,60,14,Low,117.0
14,3859,0.39,68,16,Medium,948.0
16,1022,0.09,36,17,High,100.0
17,1021,0.3,75,13,High,236.0
13,2820,0.46,64,9,Medium,578.0
16,1435,0.43,49,15,Low,172.0
14,2730,0.5,63,7,Medium,646.0
18,4540,0.53,93,1,Medium,512.0
17,4197,0.48,74,1,Medium,462.0
16,3337,0.42,38,5,Medium,275.0
13,4583,0.07,48,9,Medium,141.0
13,2961,0.34,21,12,Low,136.0
15,3743,0.07,55,6,Low,100.0
15,3859,0.49,38,13,Medium,593.0
19,1185,0.23,26,8,Medium,100.0
14,2660,0.36,45,15,High,531.0
16,4488,0.2,98,6,Medium,537.0
16,4566,0.48,57,6,High,949.0
19,2067,0.54,22,4,High,234.0
18,538,0.27,99,11,High,197.0
18,3044,0.52,85,18,Low,890.0
19,1756,0.2,90,3,High,198.0
18,3490,0.34,62,3,Low,285.0
15,2696,0.52,81,12,Low,737.0
16,3968,0.23,90,6,Medium,530.0
19,3208,0.57,43,6,Low,323.0
16,801,0.12,58,8,Low,101.0
13,1146,0.06,87,15,Low,100.0
15,2259,0.55,63,18,Low,523.0
17,4851,0.09,24,16,Medium,111.0
15,1097,0.6,74,6,Low,276.0
19,1161,0.57,49,17,Medium,306.0
17,4830,0.13,48,9,High,346.0
13,1868,0.35,45,19,Medium,279.0
19,3081,0.15,45,18,Medium,232.0
14,4368,0.29,56,5,High,495.0
16,4037,0.08,72,6,Low,158.0
13,4808,0.17,49,12,Medium,304.0
16,782,0.25,22,11,High,100.0
18,4178,0.29,62,16,High,834.0
14,1986,0.59,26,17,Medium,290.0
14,4582,0.49,68,9,Low,818.0
13,4683,0.46,92,1,High,553.0
14,960,0.35,60,3,Low,100.0
17,2825,0.51,96,9,Medium,1059.0
14,4254,0.24,98,19,Medium,1013.0
16,2968,0.44,73,13,Medium,831.0
16,2224,0.6,88,14,High,1424.0
19,1876,0.22,46,19,High,301.0
16,3243,0.42,27,7,High,325.0
19,1014,0.51,51,4,Low,100.0
16,1202,0.55,83,12,Medium,438.0
17,2153,0.44,29,14,High,206.0
19,2566,0.21,32,2,Medium,100.0
15,522,0.23,82,1,High,100.0
18,2960,0.06,54,18,High,160.0
13,1804,0.47,80,8,Medium,494.0
16,3800,0.07,73,3,Low,100.0
14,861,0.53,27,6,Medium,100.0
16,4227,0.12,48,13,High,381.0
14,1784,0.14,60,9,Medium,188.0
18,1014,0.31,49,9,High,144.0
18,948,0.46,40,9,Medium,100.0
18,2355,0.13,95,15,Medium,375.0
14,4062,0.29,30,13,Medium,270.0
16,3020,0.32,21,16,Medium,215.0
18,3581,0.17,69,2,High,119.0
17,1928,0.11,60,14,Low,100.0
19,4467,0.51,85,6,Low,788.0
14,1422,0.33,22,2,High,100.0
14,3637,0.06,99,8,Low,100.0
16,2659,0.49,70,4,Medium,506.0
14,3047,0.59,87,14,Low,969.0
14,3479,0.38,44,11,Low,468.0
18,2781,0.33,49,14,Medium,457.0
16,3149,0.53,30,12,High,606.0
18,813,0.57,36,16,Low,134.0
19,3113,0.46,45,6,Low,302.0
19,3583,0.29,42,1,Low,129.0
18,2756,0.38,75,12,Medium,543.0
19,1537,0.44,71,7,Low,198.0
16,3989,0.16,67,8,Medium,241.0
13,3134,0.3,39,9,High,266.0
18,4483,0.51,21,2,Medium,135.0
17,2278,0.41,50,17,Low,253.0
17,4395,0.28,46,13,Medium,550.0
14,1624,0.41,21,5,High,112.0
19,1197,0.12,97,10,Medium,100.0
17,2679,0.27,23,12,Medium,156.0
14,1904,0.49,32,17,Medium,233.0
13,1543,0.17,54,6,Low,100.0
16,2429,0.15,91,3,Medium,171.0
16,1513,0.57,85,15,High,830.0
16,726,0.17,25,7,Medium,100.0
17,2328,0.19,50,6,Medium,161.0
13,2523,0.58,29,4,Medium,216.0
17,2952,0.45,40,19,Low,330.0
19,2585,0.43,93,5,Low,426.0
17,4783,0.52,42,3,High,611.0
13,1580,0.11,22,9,High,100.0
13,2820,0.44,51,6,High,513.0
19,3690,0.33,39,13,High,476.0
13,3130,0.51,93,4,Medium,776.0
13,3063,0.33,48,2,Low,139.0
16,3792,0.39,71,4,Medium,564.0
19,4086,0.31,65,8,Low,410.0
15,4931,0.31,53,13,High,889.0
15,3447,0.47,80,10,High,1300.0
13,4459,0.4,91,18,High,2019.0
15,3313,0.4,90,9,Medium,956.0
15,3083,0.3,89,1,Low,100.0
13,661,0.34,30,13,Low,100.0
15,1093,0.46,82,18,Medium,336.0
17,3759,0.5,40,15,Medium,723.0
14,4655,0.43,22,2,Medium,132.0
19,3462,0.56,29,11,High,555.0
14,4388,0.5,46,14,High,1178.0
13,3890,0.36,31,15,Low,154.0
16,1163,0.42,26,14,Low,100.0
19,1632,0.56,36,16,Medium,324.0
13,1041,0.39,84,15,Low,268.0
16,3474,0.5,83,19,High,1867.0
14,1367,0.43,45,9,Medium,207.0
13,2566,0.35,34,5,Low,246.0
19,931,0.18,52,5,Medium,100.0
19,4778,0.28,81,11,Medium,832.0
18,1706,0.58,66,4,High,500.0
17,3028,0.41,54,18,Low,422.0
15,1669,0.36,84,3,High,263.0
16,1330,0.56,91,4,Medium,289.0
18,2151,0.37,95,14,High,854.0
15,1636,0.34,44,7,Low,100.0
15,3310,0.47,76,8,Medium,881.0
13,975,0.44,51,16,Medium,197.0
15,3310,0.16,82,15,Medium,327.0
17,1826,0.31,31,7,High,152.0
19,1519,0.31,82,17,Medium,416.0
18,2336,0.26,96,12,High,720.0
15,4756,0.33,20,18,Low,123.0
13,2948,0.28,70,14,High,629.0
17,4793,0.16,89,15,Low,371.0
14,1783,0.28,27,15,High,177.0
19,1159,0.09,87,5,High,100.0
19,2510,0.37,24,16,Medium,260.0
18,898,0.52,58,5,Medium,220.0
19,2233,0.45,42,2,Medium,193.0
15,2625,0.25,87,9,Low,266.0
13,2671,0.1,71,9,Medium,111.0
19,574,0.16,23,4,Medium,100.0
19,3971,0.35,66,15,High,1141.0
14,1336,0.16,40,11,High,100.0
14,999,0.35,75,1,High,100.0
16,637,0.18,85,18,Medium,100.0
17,2597,0.52,78,1,High,291.0
15,4196,0.27,26,8,Medium,249.0
19,2385,0.19,68,16,Medium,211.0
19,3257,0.5,35,18,Medium,537.0
13,4420,0.24,36,9,High,369.0
16,2400,0.11,94,12,High,270.0
17,3110,0.36,53,19,Medium,579.0
16,4486,0.37,52,18,High,1113.0
18,1949,0.44,45,5,Medium,205.0
17,1046,0.18,85,2,High,100.0
19,2503,0.29,82,7,Medium,423.0
19,2596,0.21,60,10,Low,195.0
17,1203,0.09,77,15,Medium,102.0
19,2903,0.53,98,7,Medium,1044.0
15,2125,0.45,29,5,Medium,159.0
17,3831,0.22,34,15,Medium,198.0
16,3478,0.38,61,15,Medium,802.0
17,3339,0.16,76,10,High,500.0
19,3884,0.54,36,14,High,855.0
15,3159,0.11,79,10,Medium,239.0
15,2361,0.05,28,17,High,100.0
18,3356,0.33,55,14,Medium,506.0
16,1185,0.37,92,2,High,192.0
14,4783,0.37,99,16,Medium,1771.0
14,2119,0.08,55,13,Low,136.0
17,1931,0.22,67,9,Low,223.0
18,1375,0.32,70,7,High,299.0
13,2961,0.17,89,16,Medium,371.0
17,1865,0.53,93,10,High,993.0
18,1743,0.1,99,9,Medium,100.0
16,662,0.32,87,7,Medium,145.0
16,2474,0.43,41,16,Low,339.0
16,3791,0.19,96,9,High,687.0
16,769,0.39,99,17,Low,280.0
16,1131,0.51,25,7,High,100.0
18,1405,0.15,45,11,Medium,157.0
18,3971,0.55,94,8,High,1918.0
15,3753,0.35,22,7,Low,211.0
14,2514,0.21,71,19,Low,309.0
19,2141,0.29,93,12,Medium,562.0
16,704,0.22,79,7,Medium,132.0
13,1081,0.45,82,8,Low,236.0
19,1340,0.49,84,7,High,558.0
18,2219,0.51,71,6,Low,362.0
13,3143,0.59,95,9,Medium,1362.0
13,2797,0.49,33,13,Low,274.0
13,1374,0.38,91,7,Medium,290.0
15,1189,0.24,87,8,Medium,206.0
18,4500,0.35,47,17,Low,502.0
13,3641,0.07,90,17,High,346.0
16,1922,0.46,29,16,Medium,229.0
17,1171,0.3,76,2,High,100.0
13,1671,0.06,85,8,Low,105.0
15,4226,0.08,69,17,Medium,225.0
19,1443,0.26,33,13,Low,100.0
18,1949,0.37,35,18,High,387.0
15,4237,0.31,73,10,Medium,802.0
13,3039,0.39,62,2,High,437.0
18,4459,0.31,61,2,Medium,287.0
17,4760,0.41,41,14,High,901.0
13,2861,0.17,87,16,Medium,339.0
15,4152,0.11,38,7,Low,100.0
14,4170,0.38,85,12,Low,775.0
16,2253,0.32,58,14,Medium,406.0
19,2852,0.06,92,4,Medium,100.0
15,2438,0.26,38,4,Low,100.0
18,870,0.11,35,18,High,127.0
13,4979,0.34,73,3,Medium,416.0
16,2431,0.27,44,1,Medium,100.0
13,924,0.39,37,17,Low,100.0
18,1394,0.49,42,7,Medium,156.0
13,1097,0.21,30,16,Low,116.0
14,3562,0.58,58,5,Low,497.0
16,2836,0.34,87,19,High,1206.0
16,2187,0.39,44,7,Medium,288.0
18,1072,0.42,82,14,Medium,287.0
19,2590,0.42,49,2,Low,163.0
14,4169,0.33,64,3,Medium,457.0
15,4772,0.29,80,17,Low,762.0
13,2133,0.08,70,16,Medium,100.0
17,2017,0.06,28,8,Medium,100.0
13,4793,0.25,95,18,Medium,1085.0
13,3157,0.23,21,15,High,264.0
15,4148,0.26,24,7,Medium,137.0
13,4088,0.13,81,9,Medium,305.0
14,2037,0.46,88,6,Medium,577.0
14,3637,0.52,71,18,Low,940.0
16,597,0.57,24,18,High,100.0
18,3715,0.32,78,14,Medium,819.0
19,4250,0.44,87,14,Low,1083.0
17,3657,0.52,28,14,High,617.0
13,843,0.28,41,4,Low,107.0
13,1110,0.22,46,4,High,152.0
15,2227,0.57,29,15,High,389.0
18,2790,0.33,99,15,Medium,815.0
14,2354,0.32,80,18,Low,441.0
17,3108,0.15,70,14,Low,126.0
16,2579,0.11,29,1,Low,100.0
14,2824,0.51,25,10,Low,226.0
18,1677,0.39,81,10,Medium,386.0
19,1591,0.23,24,10,High,119.0
16,3291,0.16,89,2,Medium,139.0
19,2249,0.36,82,8,Medium,449.0
15,3175,0.37,75,1,Medium,238.0
15,1281,0.16,78,1,High,116.0
13,3548,0.52,82,4,Low,524.0
19,2605,0.1,78,7,Medium,100.0
18,4367,0.25,70,9,High,750.0
17,2613,0.42,69,16,High,939.0
16,4470,0.2,23,5,High,121.0
14,2491,0.51,67,2,High,482.0
18,1567,0.46,51,11,Low,203.0
18,2077,0.48,70,18,Medium,638.0
15,1511,0.12,71,19,Low,185.0
19,2774,0.13,93,13,Medium,354.0
13,2314,0.21,53,11,Medium,174.0
13,2926,0.33,55,19,Medium,576.0
16,4902,0.46,89,17,High,2444.0
15,3051,0.51,62,5,Medium,606.0
18,4157,0.44,35,13,Medium,644.0
17,507,0.56,78,1,Low,100.0
15,3055,0.46,72,10,High,1009.0
16,975,0.22,38,8,Low,100.0
16,2711,0.2,60,8,Low,178.0
15,984,0.43,66,19,Low,216.0
16,2785,0.16,73,6,Medium,203.0
15,4025,0.1,74,12,Low,100.0
14,3839,0.34,38,7,High,379.0
15,3322,0.5,81,16,High,1583.0
19,3424,0.11,78,9,High,317.0
15,758,0.49,84,10,Low,102.0
16,782,0.5,87,10,High,303.0
19,2398,0.32,47,10,High,313.0
16,4635,0.08,37,16,High,183.0
13,3476,0.15,45,1,Medium,110.0
13,2767,0.44,38,17,High,579.0
19,3700,0.44,74,14,Low,850.0
14,1112,0.54,76,19,High,591.0
13,1187,0.37,25,17,Low,100.0
15,4190,0.12,20,14,Medium,100.0
16,1112,0.12,27,8,High,100.0
13,2807,0.45,70,9,Medium,627.0
13,3513,0.15,44,8,Low,100.0
14,2281,0.23,66,13,High,340.0
19,3091,0.32,74,17,High,892.0
19,3196,0.06,83,19,Low,100.0
18,4458,0.19,29,7,High,351.0
14,1074,0.27,75,17,Medium,217.0
15,2410,0.2,31,1,Medium,100.0
19,4104,0.13,52,5,Low,100.0
16,1169,0.45,90,6,Low,365.0
14,4864,0.5,36,2,Low,175.0
13,1783,0.19,80,16,Low,153.0
16,1423,0.48,29,5,High,202.0
16,1625,0.26,50,5,Medium,134.0
13,2029,0.33,79,12,High,516.0
14,2094,0.52,89,3,High,575.0
13,746,0.46,36,16,Low,114.0
18,4211,0.49,69,6,High,1209.0
16,2060,0.13,56,15,High,211.0
17,2900,0.09,81,15,Medium,302.0
17,2743,0.54,99,16,Low,969.0
15,4364,0.26,91,13,High,1203.0
19,2439,0.21,96,12,High,417.0
13,3569,0.45,48,10,High,883.0
13,726,0.51,51,14,Low,121.0
15,4047,0.52,99,2,Low,483.0
15,764,0.22,30,3,Medium,100.0
15,1895,0.52,25,9,Medium,219.0
16,4057,0.07,54,11,Low,139.0
18,1145,0.08,52,11,Medium,100.0
13,3490,0.39,37,10,Medium,427.0
16,2399,0.08,56,14,High,111.0
15,3004,0.23,32,9,Medium,192.0
13,3272,0.42,93,10,Medium,1017.0
16,1654,0.24,83,9,High,339.0
18,1087,0.15,20,5,High,100.0
16,2321,0.2,82,8,Low,212.0
18,1485,0.3,53,11,Low,100.0
15,4579,0.31,29,1,High,132.0
18,3848,0.48,26,10,Medium,347.0
13,4331,0.46,75,1,High,393.0
15,1741,0.3,99,7,Medium,318.0
13,689,0.52,56,14,Low,115.0
17,1480,0.11,48,5,Medium,100.0
14,2198,0.19,31,17,Medium,143.0
18,2215,0.51,36,6,Medium,264.0
14,3093,0.26,67,16,Low,402.0
14,4636,0.59,45,11,High,1302.0
18,4933,0.31,31,10,Medium,382.0
15,1598,0.49,40,15,Medium,379.0
17,2826,0.27,61,7,High,391.0
13,3747,0.28,80,2,Medium,289.0
16,1395,0.26,77,12,High,366.0
13,2174,0.45,73,19,High,866.0
16,3409,0.35,53,12,Medium,599.0
13,1430,0.57,26,16,Medium,185.0
18,4884,0.19,54,6,High,375.0
17,1223,0.11,34,3,Low,100.0
16,3440,0.27,84,2,Low,185.0
19,1589,0.39,44,5,High,300.0
15,1435,0.52,78,11,High,622.0
13,2795,0.24,98,3,High,393.0
13,655,0.41,25,3,Low,100.0
16,1570,0.24,71,5,Low,103.0
15,2458,0.39,98,11,Low,523.0
15,3001,0.54,40,3,Medium,362.0
18,4719,0.18,90,13,Medium,677.0
19,4330,0.27,51,8,Medium,466.0
18,1354,0.6,72,10,Low,327.0
18,1139,0.53,78,2,Medium,149.0
18,2738,0.36,88,4,Medium,477.0
18,2102,0.33,81,18,Low,460.0
18,941,0.21,23,19,High,100.0
17,1836,0.33,37,4,Low,104.0
15,4200,0.52,75,9,High,1685.0
18,1448,0.43,43,16,High,283.0
15,3873,0.21,85,6,Medium,488.0
15,959,0.16,32,4,Low,100.0
14,892,0.2,81,9,Medium,100.0
17,4438,0.14,73,13,High,567.0
18,2287,0.1,34,9,Low,100.0
13,2757,0.28,88,6,High,582.0
16,1638,0.11,22,19,High,102.0
19,4308,0.14,56,14,High,451.0
13,2954,0.35,56,15,Medium,450.0
17,1966,0.14,22,3,High,125.0
16,4174,0.09,82,5,High,307.0
17,1877,0.22,54,18,Medium,268.0
15,3097,0.17,71,14,Low,251.0
16,641,0.33,47,16,Low,100.0
15,3159,0.11,37,14,Low,100.0
13,1339,0.46,55,9,High,252.0
13,4118,0.55,52,15,Medium,1105.0
16,4417,0.46,83,7,High,1550.0
16,1095,0.34,45,14,High,189.0
18,2404,0.52,67,6,Medium,512.0
17,780,0.43,59,15,Medium,184.0
18,923,0.06,36,8,Low,100.0
17,4865,0.27,59,2,High,365.0
18,4749,0.52,26,8,Medium,428.0
15,2250,0.24,76,1,Medium,124.0
16,2467,0.07,27,17,Low,100.0
13,4588,0.46,75,19,High,2050.0
17,4678,0.49,50,5,High,873.0
17,3446,0.14,78,16,Medium,400.0
13,1949,0.35,77,7,Medium,360.0
18,2831,0.16,31,7,High,173.0
17,2720,0.45,67,18,Low,523.0
19,4289,0.2,50,18,Low,265.0
15,3310,0.22,82,2,Medium,166.0
16,2031,0.51,93,15,Low,591.0
13,3490,0.31,58,14,Medium,607.0
16,4993,0.42,95,18,Medium,1883.0
19,1643,0.27,39,9,Medium,100.0
17,1433,0.21,67,14,Low,105.0
17,1960,0.39,90,5,Medium,346.0
19,3223,0.14,73,11,Medium,244.0
13,3012,0.26,97,8,Medium,654.0
15,785,0.16,94,5,Medium,100.0
14,764,0.43,90,11,High,345.0
13,2867,0.57,48,5,Low,319.0
14,3947,0.6,93,17,High,2737.0
19,2262,0.3,92,4,Low,206.0
18,3548,0.19,67,15,Medium,469.0
14,2881,0.29,93,19,Medium,786.0
15,2769,0.52,75,2,Medium,412.0
18,540,0.16,36,17,High,100.0
14,567,0.57,28,12,Medium,139.0
19,1487,0.24,53,17,Medium,208.0
18,4508,0.59,64,10,High,1761.0
19,3698,0.51,28,18,Low,390.0
14,3024,0.49,26,19,Low,177.0
19,1585,0.22,35,18,Low,100.0
15,2979,0.05,38,13,Low,100.0
14,2193,0.26,25,14,Medium,185.0
14,2815,0.22,30,16,Medium,138.0
14,1278,0.07,95,18,Low,100.0
13,2085,0.33,80,18,Low,469.0
13,1992,0.27,61,16,High,396.0
13,1160,0.4,32,17,High,117.0
15,1848,0.39,31,7,High,307.0
18,1799,0.12,93,12,High,184.0
19,4440,0.59,39,2,High,427.0
17,2486,0.15,69,10,High,213.0
14,2544,0.29,55,5,Medium,275.0
19,4016,0.32,88,3,Low,425.0
14,1558,0.5,56,19,Medium,517.0
15,1476,0.1,31,13,Low,100.0
14,1227,0.29,59,12,High,181.0
13,3027,0.4,73,3,Medium,374.0
17,3636,0.17,21,6,Medium,100.0
16,842,0.4,69,14,Low,144.0
14,1947,0.56,60,4,Medium,411.0
19,2879,0.6,64,13,Medium,892.0
13,4159,0.07,28,19,Low,100.0
16,1026,0.18,81,18,Medium,129.0
17,2396,0.22,66,3,Low,129.0
16,2573,0.27,24,6,Medium,100.0
13,905,0.18,95,16,Medium,118.0
18,2073,0.16,20,3,High,100.0
18,4240,0.58,63,12,Medium,1329.0
16,4774,0.56,41,19,Medium,1029.0
15,4727,0.08,57,19,High,250.0
19,2346,0.24,38,4,Medium,139.0
19,1978,0.27,99,1,Medium,100.0
16,2895,0.18,50,2,Medium,120.0
14,1271,0.4,86,13,High,476.0
14,1078,0.4,61,13,Medium,246.0
19,3401,0.52,45,2,Medium,293.0
19,693,0.46,32,19,High,100.0
18,2507,0.35,77,16,Low,408.0
15,1685,0.41,37,12,High,352.0
13,2894,0.2,86,1,Medium,232.0
14,3498,0.38,22,9,Medium,134.0
19,2292,0.32,74,17,High,722.0
18,1610,0.12,77,10,Low,100.0
17,4505,0.18,82,18,High,940.0
18,2761,0.21,71,19,High,499.0
14,4236,0.56,43,7,Medium,742.0
14,4293,0.18,91,19,High,884.0
18,2436,0.21,28,15,Low,155.0
13,4857,0.25,56,9,High,784.0
16,1229,0.42,72,10,Medium,303.0
14,4878,0.12,99,4,Medium,249.0
18,3951,0.57,43,6,Low,504.0
19,4957,0.53,40,4,Medium,584.0
18,2640,0.37,59,5,Low,256.0
15,2144,0.42,81,9,High,796.0
16,3300,0.06,89,12,High,136.0
17,641,0.24,88,8,Low,100.0
13,1955,0.49,33,5,Low,160.0
17,2596,0.09,61,11,High,114.0
16,1825,0.21,69,11,Medium,200.0
16,1713,0.37,80,13,Low,371.0
16,1659,0.19,23,14,Medium,100.0
17,4999,0.56,91,8,Medium,1780.0
19,840,0.12,94,18,Low,100.0
16,4328,0.49,36,19,High,1039.0
18,2468,0.33,76,12,Medium,530.0
17,1203,0.46,67,12,Low,262.0
16,4913,0.22,63,18,High,830.0
18,2929,0.33,64,10,Medium,500.0
19,2300,0.52,99,7,Low,487.0
15,1355,0.31,52,18,Low,179.0
19,2312,0.25,50,12,Low,188.0
16,3366,0.34,66,14,Medium,607.0
17,4142,0.44,25,15,Low,366.0
14,682,0.29,91,16,Medium,196.0
16,3612,0.57,90,2,Low,433.0
14,4992,0.21,53,18,Medium,570.0
18,2017,0.31,72,12,High,444.0
15,1856,0.47,33,16,Medium,226.0
13,2674,0.43,35,13,Medium,300.0
19,4129,0.53,62,17,High,1624.0
15,4128,0.6,92,18,Medium,2226.0
16,4596,0.28,93,3,Medium,550.0
14,3739,0.11,31,10,Medium,138.0
19,4191,0.07,89,1,High,100.0
14,518,0.45,38,6,Low,100.0
17,3903,0.53,60,3,Medium,546.0
14,3504,0.17,72,19,Medium,425.0
17,1632,0.14,48,4,Medium,100.0
18,3839,0.08,89,3,High,173.0
19,3811,0.5,78,8,Medium,1077.0
19,3872,0.22,83,8,Low,334.0
13,1487,0.27,43,7,High,133.0
16,3821,0.33,35,2,Low,109.0
17,673,0.51,71,6,Low,134.0
13,4241,0.41,99,16,Medium,1606.0
14,3552,0.39,25,10,High,315.0
14,1226,0.15,56,4,High,100.0
13,4260,0.33,23,13,High,390.0
19,2375,0.44,57,10,Low,366.0
14,4533,0.59,60,14,Medium,1481.0
18,1489,0.16,33,9,Low,100.0
18,4244,0.06,90,11,High,149.0
13,3186,0.09,70,18,Medium,213.0
17,919,0.26,84,11,Low,100.0
17,1093,0.5,71,17,High,474.0
13,2274,0.05,49,2,Medium,100.0
17,2959,0.3,76,3,Medium,335.0
19,1435,0.23,98,11,High,388.0
19,4308,0.08,49,18,Low,173.0
17,831,0.3,61,3,Low,114.0
18,3949,0.19,30,15,Low,149.0
17,3202,0.24,46,11,Medium,204.0
19,4506,0.44,43,11,Low,457.0
15,4368,0.34,58,11,Medium,773.0
16,4700,0.12,91,19,Low,361.0
14,701,0.58,37,1,High,153.0
15,2997,0.4,96,5,Low,455.0
17,2342,0.47,64,10,Low,504.0
18,2366,0.09,31,10,Low,100.0
13,2496,0.08,68,14,High,136.0
17,1409,0.06,50,2,Medium,100.0
18,4805,0.15,41,4,High,236.0
16,3689,0.28,63,2,High,235.0
17,1270,0.56,83,18,High,715.0
19,3655,0.3,96,13,High,1184.0
13,3001,0.21,44,19,Low,100.0
18,3214,0.36,70,5,High,615.0
18,4085,0.11,26,2,High,141.0
18,2128,0.39,25,11,High,242.0
16,886,0.36,43,18,Low,100.0
17,3921,0.49,38,6,Medium,443.0
16,4508,0.59,28,10,Low,427.0
14,4593,0.19,55,17,Low,293.0
14,4863,0.33,59,11,High,1028.0
17,2966,0.55,43,19,High,870.0
19,2782,0.48,67,17,Medium,798.0
16,2356,0.32,82,4,High,484.0
13,2498,0.57,88,14,Low,816.0
18,1736,0.08,72,4,Low,100.0
18,4644,0.56,73,14,Medium,1672.0
17,1650,0.08,61,4,Medium,100.0
19,4818,0.35,64,6,High,888.0
14,1931,0.54,33,9,Medium,231.0
14,2319,0.19,48,12,Medium,166.0
18,2824,0.31,25,8,Medium,163.0
17,1630,0.23,26,4,Low,100.0
16,3158,0.57,56,5,High,767.0
14,4000,0.5,72,6,Medium,913.0
16,874,0.44,37,5,Medium,100.0
19,2620,0.37,57,19,High,656.0
14,4520,0.5,78,8,Medium,1218.0
14,2521,0.27,20,9,High,138.0
15,4205,0.3,87,15,Low,729.0
14,3759,0.45,63,4,Low,347.0
13,3935,0.25,66,9,High,563.0
17,2389,0.09,54,7,High,100.0
17,2323,0.09,79,8,Medium,189.0
16,1974,0.11,71,15,Medium,125.0
19,2742,0.53,27,19,High,491.0
14,3743,0.31,99,15,Low,692.0
13,3634,0.44,60,5,Low,424.0
16,2570,0.27,22,19,Medium,144.0
15,859,0.19,88,7,Low,100.0
16,2541,0.24,33,6,Low,100.0
16,1641,0.49,45,19,High,482.0
14,2135,0.39,89,17,Low,506.0
15,4500,0.57,77,10,High,1960.0
16,2443,0.42,59,19,Medium,657.0
13,3861,0.36,70,11,Medium,762.0
13,3480,0.39,24,15,Medium,185.0
17,506,0.57,96,10,Medium,295.0
15,3767,0.48,51,11,Low,522.0
15,2091,0.06,99,3,Low,100.0
17,3764,0.34,20,3,High,235.0
16,3106,0.43,96,18,Low,818.0
15,3719,0.46,73,11,Low,737.0
13,3773,0.17,30,18,High,301.0
13,1413,0.53,72,15,High,592.0
14,2511,0.58,27,7,Medium,342.0
15,1942,0.18,44,10,Low,100.0
16,3554,0.54,59,10,High,1155.0
17,4046,0.1,51,13,High,179.0
17,4721,0.08,47,15,Low,148.0
16,3428,0.12,97,18,Low,222.0
19,2329,0.08,22,4,High,100.0
18,1075,0.51,98,17,High,619.0
14,1429,0.08,81,3,High,100.0
17,4259,0.2,46,2,Low,100.0
15,4199,0.11,64,4,Medium,154.0
14,1963,0.21,44,1,Medium,100.0
15,3775,0.1,80,15,Low,182.0
19,1554,0.42,63,1,Low,100.0
13,2400,0.12,65,6,Low,100.0
14,1957,0.52,33,7,Medium,150.0
17,1899,0.5,27,19,Medium,217.0
14,3915,0.06,67,12,High,161.0
14,942,0.54,33,1,High,100.0
14,4150,0.07,84,7,High,225.0
18,1678,0.18,99,19,High,321.0
14,4958,0.07,26,13,Low,100.0
15,1757,0.23,98,12,Medium,340.0
13,4134,0.33,68,12,Medium,854.0
19,2341,0.49,74,13,Low,440.0
16,2809,0.24,32,14,High,243.0
14,1410,0.44,92,12,Low,388.0
17,4840,0.15,75,12,Medium,444.0
14,4509,0.46,75,6,Medium,949.0
17,2669,0.18,34,10,Medium,100.0
15,2672,0.13,76,9,Medium,239.0
17,623,0.15,77,2,Medium,100.0
16,3658,0.15,54,7,Low,125.0
13,1285,0.33,35,9,Low,100.0
17,2916,0.51,27,12,High,400.0
17,1296,0.09,64,5,Low,100.0
13,4672,0.44,59,1,Low,174.0
16,4654,0.41,73,15,Medium,1280.0
14,2436,0.53,33,8,Low,153.0
17,2656,0.18,78,1,Medium,126.0
13,4307,0.3,72,18,Medium,910.0
15,1801,0.56,46,13,High,585.0
13,4663,0.41,66,1,High,353.0
15,3640,0.26,99,5,Low,408.0
16,3736,0.12,25,18,Medium,148.0
14,2852,0.19,74,16,Low,283.0
13,2432,0.37,63,10,Low,397.0
19,3221,0.44,37,4,Medium,194.0
19,864,0.12,35,1,Low,100.0
18,2890,0.38,31,8,Medium,225.0
17,1446,0.35,39,5,High,127.0
16,1877,0.33,64,2,High,261.0
13,1939,0.43,83,17,High,823.0
19,3680,0.51,78,7,Low,743.0
17,840,0.23,41,17,Medium,100.0
19,3489,0.54,66,6,Low,607.0
13,882,0.14,48,15,Medium,100.0
15,2056,0.15,64,5,Low,100.0
13,799,0.2,96,15,Low,100.0
18,638,0.12,28,18,Medium,100.0
13,858,0.18,43,18,High,100.0
13,2022,0.11,34,6,High,150.0
18,3956,0.5,55,2,Medium,395.0
16,2127,0.13,32,17,Medium,100.0
13,1803,0.46,63,4,Medium,244.0
18,1634,0.08,90,12,Medium,100.0
17,2686,0.57,91,19,Low,1036.0
15,3670,0.44,97,2,High,798.0
15,4335,0.05,95,2,Medium,100.0
13,2651,0.47,55,14,Low,536.0
16,1737,0.33,80,15,Low,292.0
16,4235,0.48,59,2,Low,358.0
17,3334,0.34,46,4,Medium,304.0
13,4760,0.4,20,19,High,458.0
15,1498,0.48,53,9,Medium,297.0
16,3067,0.27,87,7,Medium,511.0
13,1807,0.05,40,13,High,100.0
19,1156,0.52,52,12,Low,199.0
16,3160,0.26,26,3,Low,125.0
18,2711,0.32,84,13,Medium,597.0
19,2409,0.05,22,15,High,100.0
16,4230,0.32,70,14,Medium,787.0
15,2546,0.59,98,9,Medium,1089.0
14,3662,0.2,73,13,High,582.0
19,1640,0.27,99,4,High,380.0
17,766,0.43,93,8,Low,139.0
17,2345,0.5,78,3,High,515.0
15,2208,0.28,25,2,Low,100.0
16,4130,0.22,48,19,Medium,344.0
13,3711,0.57,36,8,Low,267.0
16,2793,0.42,79,17,Medium,811.0
15,4232,0.12,41,13,Medium,197.0
17,4329,0.09,43,7,High,149.0
16,2010,0.32,70,9,Medium,384.0
17,975,0.17,69,12,Medium,100.0
19,1476,0.19,30,14,Low,100.0
13,1707,0.53,75,14,High,705.0
19,2460,0.1,90,15,High,275.0
17,1057,0.44,61,3,Low,100.0
17,1382,0.2,58,15,High,178.0
14,2694,0.47,88,19,Medium,1107.0
14,3167,0.45,67,14,Medium,830.0
19,2110,0.05,76,8,High,100.0
18,3988,0.33,40,5,Low,300.0
19,2954,0.13,39,19,High,167.0
14,4994,0.53,34,4,Medium,395.0
17,2446,0.53,88,14,Low,748.0
15,3308,0.28,96,16,High,1116.0
19,4325,0.29,70,6,High,714.0
17,4036,0.22,95,6,Low,454.0
15,4302,0.44,81,3,Low,452.0
15,4677,0.25,56,15,High,784.0
14,2470,0.2,25,3,Low,100.0
19,4322,0.29,90,11,High,1273.0
16,3319,0.1,45,3,High,100.0
13,1402,0.46,27,10,Medium,252.0
14,864,0.06,92,18,Medium,105.0
14,4758,0.4,23,1,Medium,122.0
16,3619,0.15,40,16,Medium,162.0
13,3058,0.18,50,16,High,289.0
17,2363,0.4,40,10,High,402.0
18,615,0.6,44,1,Medium,100.0
19,2884,0.48,34,4,Medium,267.0
18,4435,0.17,54,3,Low,138.0
17,2990,0.15,68,5,Medium,201.0
14,1442,0.53,62,12,Medium,290.0
13,2224,0.29,60,12,Medium,313.0
14,2834,0.13,56,13,Low,100.0
15,3267,0.52,76,12,High,1412.0
14,1637,0.5,61,16,Medium,530.0
14,3027,0.59,66,13,High,1283.0
17,4617,0.55,80,5,High,1519.0
17,3920,0.52,33,4,Medium,313.0
17,4406,0.08,87,15,Medium,243.0
18,4137,0.11,72,12,Medium,304.0
15,3453,0.36,53,19,Low,493.0
17,2867,0.34,95,19,High,1258.0
13,4721,0.3,43,11,Low,298.0
18,776,0.27,39,6,Medium,100.0
16,2499,0.29,88,9,Low,380.0
13,1727,0.36,49,1,High,173.0
19,4252,0.05,26,12,Medium,100.0
19,4235,0.19,55,14,Medium,293.0
13,1195,0.34,57,6,Medium,134.0
17,1809,0.45,99,1,High,379.0
16,4652,0.15,71,2,Low,100.0
16,3734,0.35,34,11,Medium,387.0
18,4614,0.44,65,3,Medium,490.0
16,2811,0.29,42,10,Low,280.0
19,3341,0.06,31,6,Low,100.0
15,4708,0.3,63,6,Low,279.0
17,4059,0.21,34,2,Low,100.0
16,3898,0.56,68,10,Medium,1175.0
18,1041,0.12,40,6,Low,100.0
19,3194,0.41,34,17,Medium,465.0
15,1588,0.08,33,14,Low,100.0
14,3863,0.3,61,5,Low,284.0
14,524,0.35,99,17,High,189.0
15,2072,0.21,34,2,Medium,100.0
19,3458,0.3,82,9,Low,472.0
18,4736,0.14,87,12,Medium,538.0
15,2267,0.22,46,19,Low,118.0
17,2735,0.39,72,7,Low,351.0
17,700,0.22,71,9,Low,100.0
14,3698,0.54,82,16,High,1948.0
16,756,0.4,92,11,High,274.0
18,4247,0.29,72,12,High,938.0
14,2741,0.07,76,15,High,179.0
16,3675,0.32,71,18,High,1020.0
16,4106,0.47,62,19,High,1552.0
17,3836,0.2,26,16,Medium,156.0
19,913,0.49,61,15,Medium,281.0
13,2514,0.19,23,5,Low,100.0
19,1881,0.5,88,11,Medium,706.0
13,1598,0.1,24,15,Medium,100.0
15,3926,0.53,94,18,High,2503.0
17,4155,0.32,99,13,Medium,1052.0
16,1409,0.21,60,4,Medium,100.0
18,687,0.2,23,17,Medium,100.0
13,4544,0.29,21,4,Low,100.0
19,4256,0.6,86,16,Medium,1984.0
16,2515,0.17,40,15,Medium,146.0
13,2592,0.11,89,14,Medium,170.0
13,4144,0.37,62,12,Medium,789.0
13,2630,0.32,88,3,Low,220.0
18,857,0.34,28,10,Medium,100.0
17,2922,0.42,47,8,Medium,420.0
18,4757,0.2,45,6,Medium,368.0
14,1997,0.55,22,14,Medium,189.0
16,2658,0.29,92,17,Low,465.0
17,3055,0.12,68,19,Low,331.0
17,2842,0.46,36,16,Medium,427.0
17,3451,0.4,82,15,Medium,1078.0
19,1738,0.22,74,15,Medium,287.0
17,1473,0.39,42,1,High,188.0
18,4465,0.17,53,12,Low,166.0
17,1550,0.29,88,10,Low,141.0
15,4201,0.54,34,14,Medium,630.0
16,3280,0.12,66,10,Medium,213.0
17,2088,0.26,22,10,Medium,100.0
16,4378,0.5,47,11,High,985.0
15,2868,0.58,22,16,High,397.0
15,936,0.3,23,9,Low,100.0
16,3328,0.33,50,15,High,605.0
13,2056,0.36,64,14,Low,352.0
14,4358,0.56,78,19,Medium,1817.0
19,1804,0.52,64,9,Medium,455.0
13,2884,0.14,94,4,Medium,181.0
13,682,0.29,56,7,Low,100.0
18,2089,0.31,84,8,Medium,407.0
19,2087,0.48,28,8,Medium,282.0
19,1159,0.38,36,19,Low,144.0
13,659,0.41,84,15,Low,124.0
17,4453,0.6,22,16,Medium,578.0
18,1511,0.09,45,9,Medium,100.0
18,552,0.17,72,12,Medium,159.0
15,2807,0.27,50,16,Low,239.0
19,1728,0.24,45,4,High,124.0
13,1535,0.06,42,5,Low,100.0
15,4202,0.1,49,8,High,100.0
16,4545,0.42,29,1,Medium,116.0
14,4949,0.53,91,6,Medium,1560.0
18,1764,0.33,83,15,High,624.0
16,2384,0.35,41,4,Low,100.0
16,2309,0.19,34,11,Low,100.0
17,3667,0.47,75,5,Medium,636.0
14,4297,0.46,93,18,Low,1288.0
16,2841,0.37,39,15,Medium,384.0
16,3914,0.17,66,18,Low,368.0
14,1317,0.1,72,13,High,108.0
14,2937,0.09,72,5,Medium,224.0
16,1388,0.38,20,1,Low,100.0
14,1167,0.5,21,18,High,136.0
16,3124,0.52,77,14,Medium,1133.0
16,4732,0.3,38,5,Medium,282.0
17,1318,0.48,81,6,Medium,348.0
13,2688,0.57,97,16,Medium,1378.0
16,1606,0.2,91,12,Medium,238.0
15,2724,0.27,31,18,Medium,214.0
18,697,0.56,45,2,Low,100.0
19,3171,0.24,46,13,High,377.0
13,3992,0.55,48,17,High,1245.0
13,2948,0.59,34,17,Low,396.0
13,970,0.41,65,16,High,281.0
17,2448,0.5,20,18,Medium,187.0
16,4399,0.46,79,8,Low,721.0
17,2510,0.43,76,3,Low,308.0
16,4300,0.22,22,17,Low,171.0
17,4618,0.08,37,18,High,242.0
17,4296,0.24,71,6,Medium,468.0
18,4488,0.42,79,8,Medium,1129.0
15,734,0.11,53,13,Low,100.0
17,1428,0.06,79,8,Medium,100.0
18,4107,0.13,45,19,Medium,199.0
14,1022,0.44,91,6,High,330.0
15,4023,0.59,38,15,High,1086.0
17,2129,0.59,41,10,Medium,470.0
19,1816,0.32,52,17,Medium,303.0
13,3357,0.53,57,1,Medium,344.0
14,1624,0.46,54,7,High,364.0
14,3087,0.33,86,13,Low,537.0
18,1523,0.37,29,3,Medium,100.0
14,1878,0.13,34,19,High,125.0
15,3874,0.57,30,15,Low,441.0
17,2019,0.24,43,5,Low,100.0
17,726,0.3,96,11,Medium,213.0
19,1391,0.42,23,18,Low,216.0
13,4572,0.23,32,3,Medium,109.0
18,2757,0.19,92,6,Medium,306.0
13,3288,0.4,76,3,Medium,386.0
14,896,0.06,56,5,Low,100.0
19,2578,0.45,67,9,High,802.0
13,4924,0.33,90,19,Low,932.0
15,3737,0.38,20,13,High,254.0
17,4393,0.4,79,6,Low,517.0
14,2505,0.34,31,11,Medium,294.0
19,2516,0.37,40,14,Low,190.0
13,3671,0.43,30,6,Low,205.0
18,3168,0.46,63,6,Low,392.0
15,2378,0.45,77,17,Medium,832.0
15,1696,0.53,63,11,Medium,495.0
13,2272,0.15,97,15,Low,241.0
17,661,0.27,53,9,High,100.0
13,4476,0.57,44,17,Low,780.0
14,2251,0.27,23,7,Medium,142.0
13,1275,0.12,83,7,Low,100.0
15,1439,0.34,35,1,Medium,100.0
19,3720,0.11,29,8,High,100.0
13,1039,0.16,85,5,Medium,170.0
17,1961,0.6,54,19,Low,535.0
19,855,0.35,25,8,Low,100.0
18,4104,0.21,38,17,High,401.0
16,3823,0.6,78,19,Low,1240.0
13,734,0.58,72,12,Medium,287.0
17,2048,0.29,27,15,Low,100.0
19,2596,0.19,97,4,Low,189.0
17,4713,0.51,29,12,Low,360.0
18,2601,0.44,86,13,High,1108.0
15,2173,0.43,57,14,High,572.0
17,2600,0.54,48,5,Medium,364.0
19,4157,0.43,34,16,Low,405.0
17,4096,0.21,42,7,Medium,216.0
17,4248,0.43,65,15,Medium,1026.0
17,3673,0.22,47,13,Medium,402.0
14,2315,0.47,45,16,Low,265.0
14,4341,0.39,29,12,High,422.0
15,2505,0.09,66,7,Medium,130.0
13,4993,0.33,23,16,High,444.0
17,1174,0.24,74,13,Low,125.0
18,886,0.23,85,3,Low,100.0
13,2658,0.38,86,15,Low,617.0
18,3161,0.23,26,3,High,205.0
13,2564,0.48,74,7,Medium,635.0
15,4351,0.09,99,18,High,429.0
17,3753,0.41,50,14,High,897.0
17,4766,0.5,93,18,Medium,2173.0
16,1239,0.42,38,19,Medium,245.0
18,1901,0.32,47,14,High,337.0
13,3759,0.57,47,6,Medium,616.0
13,2777,0.21,38,8,Medium,115.0
14,4404,0.06,39,7,Medium,100.0
16,4423,0.29,32,18,High,441.0
19,4714,0.07,96,18,Medium,326.0
19,3727,0.57,62,15,High,1568.0
14,3331,0.17,30,19,Low,126.0
14,4258,0.48,67,2,Medium,530.0
14,3012,0.48,34,8,Low,321.0
18,2651,0.17,36,11,Low,100.0
18,4175,0.39,73,18,High,1498.0
15,3245,0.08,69,13,High,183.0
15,4366,0.32,47,9,High,673.0
14,4264,0.06,23,9,High,100.0
16,2722,0.56,41,17,Low,473.0
13,3292,0.59,58,7,Low,595.0
18,2197,0.17,53,9,Medium,166.0
16,3962,0.16,63,1,High,114.0
17,4563,0.46,61,2,Low,310.0
18,2024,0.19,59,4,High,180.0
18,532,0.54,31,14,Medium,103.0
15,4525,0.37,21,4,High,228.0
13,3066,0.24,47,2,Medium,139.0
13,3303,0.51,93,8,Medium,1092.0
19,4396,0.32,86,18,High,1544.0
19,4209,0.55,90,19,High,2631.0
19,1219,0.56,91,14,Low,425.0
19,1472,0.14,95,10,High,185.0
17,4218,0.05,29,17,High,159.0
17,4902,0.59,76,8,Low,1112.0
18,2707,0.55,56,14,Low,531.0
14,4926,0.08,96,8,Medium,203.0
15,4820,0.51,83,5,Medium,1271.0
15,3530,0.3,98,16,High,1254.0
19,4075,0.19,59,8,Low,318.0
18,3616,0.53,79,10,Medium,1195.0
16,3785,0.16,67,8,Medium,282.0
14,1143,0.57,38,9,Low,105.0
18,694,0.16,91,18,Medium,130.0
14,4496,0.39,52,3,Low,317.0
14,988,0.17,63,17,Low,100.0
14,2704,0.35,56,15,Medium,454.0
18,3157,0.43,55,17,High,958.0
19,3776,0.15,40,8,Low,100.0
15,1602,0.34,21,2,Medium,100.0
15,1741,0.31,50,17,Low,189.0
19,1015,0.09,49,18,Low,100.0
14,892,0.5,95,5,Medium,226.0
16,1130,0.23,63,9,High,249.0
13,4216,0.37,31,9,Low,249.0
18,2347,0.33,70,2,High,191.0
13,3155,0.33,68,2,Low,100.0
19,1479,0.11,43,19,High,141.0
16,3902,0.28,43,3,High,223.0
18,4371,0.3,79,17,Medium,985.0
19,777,0.45,30,14,Low,100.0
14,732,0.51,32,14,Medium,101.0
15,2052,0.35,91,14,Medium,599.0
13,3770,0.1,93,6,High,223.0
17,2909,0.18,91,3,Medium,194.0
17,4012,0.14,83,1,Medium,100.0
16,525,0.12,39,16,High,100.0
14,960,0.25,91,4,High,131.0
13,4264,0.18,92,1,Medium,130.0
14,3931,0.17,90,17,High,786.0
13,3983,0.08,97,18,Medium,263.0
16,2494,0.06,47,8,Medium,100.0
16,990,0.11,21,2,Medium,100.0
17,1572,0.14,62,18,High,100.0
14,3673,0.29,27,16,Medium,242.0
18,715,0.33,32,10,Medium,100.0
17,2223,0.13,54,8,Medium,126.0
14,2092,0.28,42,12,Medium,195.0
17,3106,0.24,65,16,Medium,503.0
18,658,0.15,34,12,High,100.0
15,3813,0.05,21,11,Medium,100.0
15,3341,0.31,80,19,Low,541.0
15,2276,0.43,95,1,High,298.0
15,2552,0.17,83,3,High,310.0
19,2795,0.12,71,12,Medium,227.0
13,2196,0.54,55,9,Low,400.0
19,3493,0.2,86,5,High,445.0
19,2969,0.17,88,1,High,178.0
19,2446,0.52,86,10,Low,654.0
15,4309,0.5,66,17,Low,957.0
18,3283,0.3,21,4,Medium,106.0
16,4144,0.32,63,15,Medium,686.0
16,3000,0.17,83,19,Low,290.0
13,4145,0.09,97,8,Medium,289.0
15,3145,0.37,47,15,Medium,460.0
15,2849,0.1,73,7,High,121.0
15,2432,0.3,93,15,Medium,623.0
17,3794,0.57,86,8,Medium,1354.0
14,2257,0.57,55,10,High,657.0
17,1616,0.18,82,18,Low,164.0
14,3067,0.39,44,4,Low,209.0
15,3999,0.31,67,15,High,1049.0
15,992,0.53,58,11,Low,150.0
17,3806,0.2,66,3,High,402.0
17,1119,0.05,40,15,Low,100.0
14,3732,0.14,49,3,Low,100.0
16,4323,0.24,50,15,High,598.0
14,2880,0.22,45,6,Medium,127.0
17,2046,0.49,41,1,High,113.0
18,4063,0.42,40,14,Low,448.0
17,2105,0.21,20,16,Low,100.0
18,4252,0.3,56,1,High,155.0
13,2390,0.1,96,17,Medium,155.0
17,1775,0.54,65,8,Medium,471.0
13,3243,0.56,28,18,Low,376.0
16,2993,0.59,36,16,Medium,567.0
14,856,0.53,66,6,High,122.0
18,1369,0.15,78,10,High,106.0
14,1385,0.08,73,10,Medium,113.0
13,2501,0.37,31,5,Medium,132.0
18,1783,0.55,83,12,Medium,668.0
14,1119,0.15,25,17,Medium,100.0
17,1382,0.05,72,14,High,100.0
15,1296,0.49,35,14,Low,208.0
13,4142,0.09,24,3,Low,100.0
14,3925,0.28,92,12,High,1064.0
13,1796,0.42,65,18,Low,391.0
19,744,0.18,33,12,Low,100.0
13,3395,0.1,63,2,Medium,100.0
18,1429,0.47,82,2,High,282.0
19,1019,0.4,71,17,Medium,260.0
18,3712,0.59,45,10,Medium,719.0
15,2909,0.24,72,18,High,637.0
19,507,0.08,48,19,High,100.0
17,3025,0.45,38,1,High,100.0
13,3923,0.34,66,4,Low,273.0
14,2519,0.17,27,4,Low,136.0
16,4782,0.48,42,2,Medium,352.0
13,4167,0.16,54,19,Low,315.0
13,4171,0.19,72,12,Low,352.0
15,3301,0.1,77,10,Low,202.0
17,585,0.27,24,13,Medium,100.0
16,3615,0.28,35,15,Medium,275.0
19,4732,0.33,36,3,High,363.0
19,2968,0.44,51,13,Low,356.0
19,4119,0.55,71,8,Medium,1207.0
18,2136,0.13,39,7,Low,100.0
18,4083,0.08,85,8,Medium,201.0
14,4509,0.06,20,18,Medium,100.0
16,3826,0.13,77,9,Medium,330.0
19,2718,0.41,63,6,High,575.0
18,2717,0.45,25,4,High,115.0
14,2869,0.48,69,15,Medium,780.0
17,4138,0.18,91,5,High,455.0
14,3003,0.22,39,5,Medium,191.0
18,1443,0.32,33,7,High,178.0
15,3337,0.08,24,9,Medium,100.0
15,3160,0.39,60,7,Medium,521.0
19,3436,0.59,59,9,High,1248.0
15,4944,0.25,53,10,Low,378.0
19,4447,0.46,99,4,Medium,1102.0
19,2176,0.33,64,6,High,381.0
18,1696,0.12,90,14,High,189.0
15,4605,0.37,99,9,Low,879.0
19,3287,0.21,90,1,Medium,244.0
16,1961,0.07,46,17,High,100.0
17,3818,0.4,97,13,High,1685.0
14,1166,0.52,97,7,Medium,326.0
14,2676,0.24,63,9,High,367.0
18,4243,0.26,52,11,High,647.0
15,1100,0.54,52,3,Low,100.0
15,3152,0.5,63,12,High,1133.0
19,4922,0.44,39,3,Medium,487.0
13,4324,0.19,55,15,Medium,430.0
19,4406,0.55,26,10,Medium,559.0
17,1479,0.13,51,1,Medium,100.0
16,2951,0.39,86,14,High,1180.0
14,1128,0.07,58,6,Medium,100.0
19,2129,0.4,43,2,High,146.0
13,4196,0.2,89,8,High,671.0
13,3930,0.3,73,1,High,314.0
19,4174,0.24,57,4,Medium,300.0
18,4429,0.15,93,4,Low,222.0
14,3265,0.39,99,5,Medium,734.0
18,4869,0.54,94,9,High,2445.0
16,615,0.58,51,13,Low,100.0
13,2503,0.16,64,18,High,313.0
13,1192,0.44,80,17,High,533.0
17,3662,0.42,89,1,High,341.0
16,1605,0.24,72,15,Medium,263.0
13,3508,0.06,70,2,Medium,100.0
16,2661,0.43,95,16,High,1331.0
14,653,0.57,75,5,Medium,272.0
15,4199,0.4,46,19,High,982.0
13,4910,0.29,57,5,Medium,424.0
17,4286,0.34,81,2,High,566.0
14,1564,0.16,37,7,High,106.0
19,4700,0.46,83,3,Low,525.0
16,2413,0.46,96,17,Low,622.0
19,1716,0.13,49,3,High,100.0
18,2901,0.53,68,13,Low,632.0
14,2272,0.2,60,7,Medium,163.0
19,2460,0.59,32,3,Medium,265.0
13,3280,0.26,53,15,Low,314.0
16,3371,0.15,44,18,Low,156.0
15,1160,0.24,85,10,High,155.0
14,3135,0.29,37,7,Medium,261.0
13,2829,0.09,24,9,Medium,145.0
17,4454,0.37,38,5,High,522.0
18,2950,0.38,61,8,Low,313.0
16,1632,0.46,37,14,Low,166.0
14,1199,0.07,51,4,High,100.0
14,2538,0.35,40,14,High,480.0
15,2679,0.08,29,12,Medium,100.0
15,3338,0.44,56,2,High,363.0
17,1373,0.08,68,13,High,100.0
18,583,0.55,32,1,Low,100.0
17,1922,0.44,74,7,Low,339.0
13,3175,0.33,36,9,High,384.0
13,3680,0.29,28,17,Medium,214.0
17,4816,0.12,63,13,Low,188.0
18,4475,0.21,97,10,High,902.0
17,1891,0.53,65,16,Medium,495.0
18,3718,0.55,27,6,Medium,399.0
18,4707,0.05,56,16,Low,100.0
19,1114,0.38,38,11,Medium,104.0
16,3471,0.45,82,3,Medium,628.0
18,4065,0.39,65,9,Low,561.0
15,4076,0.09,90,15,Medium,236.0
18,770,0.17,45,13,Medium,100.0
18,4566,0.19,65,10,High,646.0
18,2968,0.51,65,13,High,1102.0
19,1890,0.3,94,17,Low,351.0
19,3854,0.32,33,7,High,367.0
13,4635,0.56,82,6,High,1708.0
19,4107,0.4,91,13,High,1692.0
15,3083,0.54,22,17,Medium,303.0
15,4573,0.3,47,15,Low,411.0
19,3575,0.13,48,4,High,162.0
17,4406,0.56,37,15,Low,609.0
16,789,0.3,54,14,Low,108.0
19,2980,0.15,96,11,Medium,304.0
18,3752,0.22,95,4,High,548.0
14,778,0.08,66,3,Low,100.0
16,3424,0.31,24,2,Medium,100.0
16,1080,0.52,94,10,Medium,503.0
15,753,0.56,78,13,High,322.0
16,4776,0.56,94,18,Medium,2513.0
19,1324,0.12,78,16,Low,100.0
18,4332,0.26,66,11,Low,422.0
18,1199,0.07,32,10,Medium,100.0
13,1880,0.52,97,9,Low,434.0
18,4396,0.25,52,12,Low,372.0
18,2173,0.4,81,19,Medium,730.0
15,3227,0.44,98,1,Medium,348.0
18,3656,0.29,35,18,High,454.0
13,3888,0.22,63,14,Low,300.0
14,4807,0.58,77,1,Medium,544.0
19,883,0.58,25,17,Medium,132.0
15,841,0.21,34,11,Low,100.0
14,2487,0.31,23,15,Medium,172.0
15,4559,0.59,75,4,Low,663.0
17,3609,0.05,83,15,High,183.0
16,4582,0.28,87,14,Medium,1026.0
17,3298,0.11,53,1,Medium,100.0
18,3740,0.33,75,9,Low,526.0
14,2488,0.06,51,7,Low,100.0
18,3914,0.27,28,11,Medium,255.0
16,2349,0.17,82,2,Medium,207.0
15,805,0.34,91,2,Low,131.0
16,4113,0.6,97,6,Low,1102.0
13,3249,0.49,52,19,Medium,832.0
16,1635,0.52,40,14,Medium,290.0
13,705,0.4,74,3,Low,100.0
16,3950,0.07,95,7,Medium,219.0
19,4311,0.16,76,7,Medium,348.0
13,4122,0.56,21,4,Medium,206.0
14,4099,0.25,32,5,Medium,153.0
18,3051,0.11,23,17,Medium,100.0
18,4808,0.44,69,4,Low,628.0
17,809,0.21,67,13,Low,111.0
18,3208,0.2,97,16,Medium,581.0
15,2491,0.6,49,16,Medium,702.0
19,771,0.52,48,2,Medium,100.0
16,4142,0.27,27,18,High,336.0
17,4586,0.59,31,1,High,190.0
15,2322,0.41,60,18,Low,439.0
15,3773,0.46,45,8,High,665.0
13,4849,0.07,69,11,Medium,190.0
18,1020,0.12,21,15,Low,100.0
14,1476,0.4,74,16,High,540.0
14,4222,0.54,75,17,High,2098.0
17,4051,0.39,33,17,High,670.0
19,4605,0.12,25,12,Low,100.0
14,3273,0.11,80,10,Low,215.0
16,3052,0.51,31,6,Medium,345.0
14,3332,0.13,32,8,Medium,151.0
17,4407,0.34,38,13,Low,390.0
14,652,0.07,63,2,High,100.0
16,3464,0.09,78,19,Medium,207.0
13,3416,0.42,56,10,Medium,655.0
19,3300,0.43,44,4,Medium,345.0
17,2252,0.24,35,12,Medium,203.0
13,3110,0.17,57,18,Low,235.0
13,4375,0.5,62,7,High,1209.0
13,1604,0.17,33,4,Medium,100.0
15,3036,0.35,25,7,Low,153.0
19,4699,0.58,42,10,High,1226.0
18,4354,0.13,79,15,High,616.0
19,3994,0.57,31,12,High,803.0
15,2414,0.15,32,1,High,100.0
18,3572,0.36,25,18,Medium,300.0
19,1506,0.26,82,16,High,371.0
13,906,0.58,57,5,Low,100.0
17,666,0.2,69,19,High,100.0
18,1008,0.27,71,4,Medium,100.0
16,2161,0.59,59,6,Low,328.0
16,4164,0.35,27,17,Medium,358.0
14,3989,0.33,80,7,Medium,742.0
18,1180,0.19,27,7,Medium,100.0
17,3024,0.44,53,9,Low,335.0
15,2620,0.06,98,13,High,100.0
13,4857,0.08,79,14,Low,215.0
14,1863,0.38,76,16,Medium,456.0
16,1831,0.24,65,9,High,245.0
15,2792,0.57,41,15,Medium,622.0
15,2038,0.55,59,5,Medium,345.0
13,3908,0.44,64,18,Low,764.0
18,1060,0.5,74,8,Medium,223.0
16,1599,0.42,70,15,High,555.0
17,2403,0.12,24,9,High,100.0
15,674,0.47,32,19,High,116.0
13,2656,0.17,47,6,Low,171.0
17,2730,0.23,99,4,Low,148.0
18,4787,0.5,81,11,Low,1179.0
16,4660,0.35,43,10,Medium,506.0
18,4420,0.52,26,3,Low,234.0
15,1997,0.17,57,1,Low,100.0
17,4354,0.38,56,12,Medium,802.0
17,3671,0.1,87,15,Medium,230.0
17,2067,0.4,61,15,Medium,473.0
15,1651,0.47,24,14,High,343.0
15,868,0.37,83,7,Medium,183.0
18,542,0.2,69,17,High,100.0
14,2407,0.07,34,19,High,100.0
18,3990,0.12,92,7,Medium,327.0
16,3035,0.39,72,3,Low,267.0
13,4673,0.56,44,3,Low,381.0
17,3373,0.16,28,18,Low,100.0
14,2324,0.45,57,14,Medium,478.0
13,1793,0.53,41,3,High,347.0
14,3886,0.34,68,7,High,793.0
19,3472,0.42,87,7,Low,766.0
18,4422,0.5,34,5,High,596.0
15,1492,0.19,84,3,Medium,138.0
17,2886,0.21,73,18,High,541.0
18,2740,0.05,49,15,Low,100.0
13,1976,0.58,39,14,Low,264.0
19,3907,0.55,52,4,Medium,549.0
19,889,0.47,96,8,High,330.0
19,1499,0.09,26,13,Low,111.0
13,2355,0.3,27,8,Low,136.0
13,1158,0.11,47,15,High,146.0
13,3263,0.06,64,17,High,211.0
13,4163,0.39,92,5,Low,585.0
19,1981,0.58,99,4,High,705.0
19,4231,0.55,93,11,Medium,1743.0
14,951,0.43,30,18,Medium,123.0
18,2975,0.1,50,10,Medium,174.0
17,3722,0.2,31,17,Medium,216.0
15,2037,0.23,97,15,Medium,562.0
19,3593,0.47,70,6,Medium,734.0
15,1382,0.49,63,16,Medium,427.0
18,4908,0.26,69,15,High,1012.0
18,4568,0.28,36,8,High,452.0
15,3066,0.07,54,9,Medium,100.0
19,3777,0.21,20,11,Low,100.0
15,874,0.3,48,2,Medium,100.0
14,4197,0.11,70,13,High,372.0
16,3562,0.3,83,4,Medium,511.0
19,3750,0.52,23,9,Medium,290.0
19,612,0.37,47,5,Low,100.0
17,3697,0.09,35,19,Medium,139.0
13,2878,0.16,82,3,Medium,206.0
16,2424,0.31,95,3,High,516.0
18,639,0.25,72,6,Medium,102.0
19,1924,0.25,36,10,Low,100.0
15,3449,0.34,59,5,Medium,379.0
16,3668,0.37,32,3,High,228.0
17,1016,0.49,71,7,Medium,210.0
18,3116,0.24,77,18,Medium,568.0
13,1387,0.49,56,8,Medium,296.0
13,3604,0.24,98,1,High,292.0
17,549,0.08,95,4,Low,100.0
17,4451,0.35,80,7,Medium,914.0
15,4060,0.37,98,14,High,1669.0
19,518,0.56,53,13,High,255.0
13,1973,0.45,89,10,Medium,591.0
18,4561,0.55,36,18,High,1153.0
16,3106,0.55,39,1,Medium,142.0
18,951,0.38,92,4,Medium,175.0
14,4265,0.34,78,16,Medium,1086.0
14,2938,0.36,88,16,Low,534.0
17,4810,0.59,52,18,Medium,1386.0
15,2049,0.48,97,8,Medium,726.0
14,3974,0.11,36,10,High,161.0
13,627,0.48,76,16,High,264.0
18,3261,0.14,20,11,Medium,100.0
18,4956,0.3,32,6,Medium,292.0
17,1915,0.17,46,1,Low,100.0
19,701,0.43,89,12,Medium,198.0
19,2869,0.53,78,6,Medium,826.0
16,1017,0.21,25,13,Low,100.0
17,1841,0.1,42,17,Medium,100.0
16,2488,0.21,29,1,Medium,100.0
19,4045,0.42,70,8,High,978.0
17,4302,0.23,38,8,High,299.0
17,3775,0.2,70,11,Medium,374.0
17,4154,0.15,87,14,Medium,411.0
19,2934,0.32,61,10,Medium,449.0
16,707,0.2,76,15,Low,100.0
16,3133,0.45,87,7,Low,677.0
17,4617,0.09,57,7,Low,117.0
14,653,0.42,81,10,Low,100.0
15,3866,0.18,26,4,Low,100.0
19,4814,0.32,90,18,Low,969.0
15,2018,0.21,69,10,Low,157.0
15,3100,0.45,71,19,Medium,1017.0
16,2695,0.57,45,14,High,774.0
16,4998,0.55,45,13,High,1452.0
14,4054,0.37,38,15,Low,376.0
15,2914,0.3,28,16,Medium,241.0
15,3349,0.5,80,2,High,636.0
17,2242,0.43,39,4,Low,101.0
16,1806,0.15,69,18,High,232.0
15,4349,0.5,99,17,Medium,2058.0
18,4668,0.29,41,10,High,498.0
14,4695,0.15,32,9,High,226.0
18,3055,0.2,31,15,Medium,233.0
18,2805,0.2,29,12,Medium,159.0
19,1588,0.34,84,9,Low,308.0
19,3142,0.18,49,14,Low,193.0
14,1677,0.12,27,13,Medium,100.0
18,3494,0.12,40,6,Low,115.0
15,1059,0.37,41,19,Low,100.0
16,3464,0.45,37,4,Medium,294.0
14,1771,0.23,85,17,High,414.0
17,2313,0.07,67,19,Low,100.0
18,3415,0.12,63,3,Low,201.0
14,1109,0.55,28,14,Medium,148.0
13,2961,0.32,86,17,Medium,864.0
13,4620,0.3,73,13,Low,631.0
19,783,0.07,45,9,High,100.0
16,3428,0.45,45,1,Medium,138.0
15,4896,0.34,53,17,Medium,836.0
16,1591,0.16,27,16,Low,100.0
16,1316,0.11,29,18,Medium,100.0
16,582,0.26,67,2,High,100.0
16,2420,0.51,74,14,Low,587.0
17,3991,0.53,73,17,Medium,1500.0
17,3644,0.38,97,3,Low,504.0
19,2593,0.45,59,2,High,299.0
14,675,0.11,34,8,Low,100.0
13,3204,0.37,37,2,High,275.0
16,869,0.42,42,2,Medium,120.0
19,2318,0.16,81,9,Medium,139.0
14,2601,0.53,65,6,Medium,663.0
13,3990,0.16,58,12,Low,187.0
18,2279,0.22,34,9,Medium,100.0
15,1864,0.39,72,7,Medium,446.0
17,4962,0.4,83,12,Low,997.0
18,3842,0.43,82,5,High,1064.0
13,4176,0.11,99,16,Low,280.0
18,2926,0.52,35,5,Medium,323.0
15,572,0.34,89,12,Medium,139.0
19,3462,0.31,85,9,Low,452.0
13,1359,0.59,32,7,Medium,176.0
18,4356,0.46,66,19,Medium,1307.0
17,4638,0.11,28,11,Medium,100.0
17,2924,0.47,82,12,Medium,952.0
14,1564,0.1,53,3,Low,100.0
18,2717,0.07,48,17,High,209.0
16,4517,0.27,56,7,Medium,461.0
18,2759,0.6,62,10,Low,512.0
19,4251,0.15,83,15,High,652.0
13,2586,0.42,43,2,Low,100.0
13,868,0.15,90,13,Low,100.0
19,3304,0.45,53,4,Medium,439.0
18,650,0.33,67,18,High,130.0
19,1634,0.42,31,1,High,160.0
15,3284,0.16,42,2,High,206.0
19,4664,0.46,98,2,Medium,732.0
17,2846,0.6,32,4,Medium,233.0
19,2750,0.42,64,3,Medium,310.0
13,560,0.32,84,17,Low,100.0
17,3510,0.56,66,14,High,1556.0
13,4401,0.06,77,2,Low,100.0
14,1837,0.45,24,16,Medium,127.0
16,1684,0.54,96,11,High,931.0
13,4926,0.08,24,13,High,100.0
17,2051,0.3,79,1,Low,131.0
14,4933,0.16,40,2,Low,110.0
13,2129,0.36,43,2,Medium,100.0
15,1827,0.41,37,5,Medium,139.0
19,2026,0.22,40,4,Medium,107.0
16,2173,0.3,73,12,Medium,346.0
13,1861,0.2,29,3,High,100.0
14,2073,0.25,43,10,Low,112.0
15,3186,0.14,79,18,Medium,275.0
18,4870,0.54,76,10,Medium,1551.0
14,2866,0.06,42,1,Low,100.0
19,4257,0.54,41,6,Low,493.0
14,2934,0.36,87,11,High,955.0
15,2493,0.23,53,2,High,100.0
14,1369,0.45,89,7,Low,296.0
15,1514,0.33,47,18,High,264.0
13,2411,0.32,58,19,Low,253.0
15,1102,0.11,61,4,Medium,100.0
15,4321,0.26,42,13,Low,270.0
16,1190,0.18,89,18,High,282.0
15,993,0.06,99,13,Low,100.0
15,989,0.25,21,19,Medium,100.0
18,3056,0.1,43,17,High,190.0
13,4985,0.19,36,1,Low,100.0
19,794,0.1,84,6,Medium,100.0
16,4527,0.11,89,19,Low,365.0
18,3343,0.16,88,1,Medium,136.0
17,3412,0.6,79,8,Medium,1164.0
13,2217,0.05,69,17,Medium,112.0
13,3096,0.4,31,15,High,482.0
17,2373,0.13,66,18,Medium,244.0
19,3758,0.56,86,7,Low,808.0
15,3317,0.1,84,16,Medium,256.0
18,944,0.58,46,7,High,280.0
14,4141,0.39,67,17,High,1419.0
16,4958,0.05,81,4,Low,100.0
14,1241,0.54,63,12,Medium,364.0
17,2541,0.34,38,13,High,371.0
13,1179,0.19,78,4,High,100.0
19,2967,0.47,27,1,Medium,100.0
13,4197,0.56,74,1,Low,198.0
16,1858,0.32,66,7,Low,179.0
13,562,0.22,21,9,Low,100.0
13,3059,0.48,58,1,High,261.0
16,4269,0.42,64,16,Low,732.0
18,4851,0.54,51,18,Medium,1276.0
18,634,0.43,84,15,Medium,286.0
16,4144,0.18,57,6,Medium,275.0
19,2635,0.56,96,2,Medium,605.0
17,3778,0.11,30,9,Medium,117.0
13,1322,0.2,29,4,Medium,100.0
19,3574,0.34,78,13,Low,532.0
13,3481,0.36,74,11,Medium,722.0
17,620,0.06,39,13,High,100.0
18,2137,0.48,36,11,High,452.0
19,1424,0.25,87,19,Medium,287.0
15,1144,0.27,24,8,High,100.0
15,2532,0.5,79,7,Medium,703.0
15,3261,0.26,42,16,Medium,335.0
18,2568,0.08,65,3,High,100.0
18,741,0.15,71,17,Medium,100.0
17,3168,0.58,29,18,Low,317.0
13,1302,0.09,65,15,High,136.0
17,4664,0.25,47,17,High,678.0
17,695,0.33,62,11,Medium,128.0
18,2687,0.32,45,5,High,266.0
15,4015,0.05,74,16,Medium,205.0
14,2830,0.33,67,15,Medium,581.0
13,2859,0.26,48,10,Medium,174.0
18,4106,0.58,46,14,Low,705.0
15,776,0.14,37,2,Medium,100.0
19,560,0.24,79,16,Low,100.0
14,3890,0.28,93,19,Low,747.0
14,2413,0.26,88,8,Medium,403.0
18,4427,0.42,93,15,Medium,1660.0
16,3091,0.17,40,10,Low,121.0
13,1066,0.17,43,5,High,100.0
14,4435,0.45,22,16,Medium,318.0
18,2071,0.33,81,12,Low,291.0
18,1700,0.28,21,13,Medium,100.0
15,4909,0.14,85,9,High,648.0
19,3354,0.15,61,17,Medium,268.0
16,3395,0.06,53,12,Low,146.0
13,1736,0.1,61,5,Low,100.0
17,636,0.36,39,12,Medium,100.0
19,1529,0.54,87,1,Medium,220.0
19,2656,0.21,64,16,Medium,302.0
15,3094,0.23,94,12,High,788.0
14,1161,0.11,61,9,Low,100.0
14,2972,0.26,66,13,High,538.0
15,3177,0.07,24,17,High,100.0
18,2808,0.55,68,17,High,1256.0
14,586,0.42,56,4,High,100.0
16,3012,0.59,53,14,High,1109.0
13,3442,0.54,92,19,Medium,1670.0
19,3273,0.31,89,7,Medium,589.0
19,3004,0.34,37,3,Medium,112.0
16,3810,0.15,97,1,High,237.0
14,2200,0.3,38,12,Medium,293.0
19,4170,0.55,97,15,Low,1435.0
17,3200,0.08,59,11,Low,100.0
13,4129,0.52,36,10,High,783.0
13,2147,0.24,79,2,High,233.0
19,3818,0.54,61,4,Medium,716.0
15,4187,0.57,91,17,Low,1416.0
19,1096,0.42,84,17,Medium,421.0
15,984,0.42,72,8,Low,181.0
19,1145,0.3,26,14,Medium,132.0
17,3589,0.51,24,4,Medium,152.0
18,4884,0.58,43,6,High,991.0
13,1220,0.48,47,19,Medium,262.0
19,998,0.39,81,4,Medium,143.0
17,2173,0.38,36,3,High,272.0
15,3567,0.52,39,6,Medium,442.0
15,614,0.35,22,7,Low,100.0
13,3479,0.49,56,14,Medium,857.0
16,2236,0.33,34,12,High,260.0
19,4111,0.08,70,16,Medium,179.0
14,2753,0.26,67,8,Medium,449.0
15,2794,0.29,27,2,High,100.0
18,4130,0.13,32,13,High,237.0
18,646,0.11,67,8,Medium,100.0
15,4482,0.34,22,16,High,383.0
16,3953,0.1,84,4,High,234.0
16,2910,0.22,92,16,High,728.0
17,636,0.46,50,6,High,100.0
18,3860,0.58,45,4,Medium,494.0
17,3505,0.44,75,16,Medium,1100.0
18,4052,0.6,53,13,Low,788.0
19,518,0.43,28,5,Medium,100.0
19,2742,0.21,81,15,High,505.0
14,948,0.42,32,8,High,137.0
19,2448,0.44,88,7,Medium,551.0
14,1445,0.25,60,14,Medium,180.0
19,4736,0.06,96,7,Medium,193.0
13,2420,0.44,20,7,Medium,232.0
19,3477,0.06,66,18,High,174.0
17,4688,0.4,23,10,Medium,325.0
15,4515,0.14,82,18,Low,365.0
17,738,0.36,71,14,Medium,132.0
15,704,0.33,29,10,Low,100.0
16,3107,0.06,47,7,High,100.0
17,4840,0.25,25,7,Medium,238.0
16,3888,0.38,46,7,High,570.0
14,3472,0.52,31,5,Low,230.0
14,4890,0.54,81,1,Low,251.0
13,3187,0.32,71,14,Medium,670.0
19,4666,0.45,67,18,High,1757.0
17,1848,0.22,86,13,Medium,397.0
16,4900,0.24,65,8,Low,404.0
15,1316,0.16,93,8,Low,100.0
14,1320,0.36,34,10,Medium,100.0
19,692,0.22,90,17,Low,124.0
14,2276,0.1,55,6,Medium,170.0
15,4145,0.43,33,15,Medium,610.0
19,750,0.44,97,15,Low,143.0
19,2288,0.25,22,16,Low,100.0
16,4200,0.09,86,8,Low,221.0
16,2963,0.28,38,19,High,336.0
17,1667,0.29,95,15,Medium,470.0
17,4393,0.42,73,3,High,762.0
18,1596,0.22,88,6,Low,127.0
18,3179,0.43,29,8,High,386.0
13,2347,0.53,52,16,Low,475.0
14,4404,0.18,32,15,Medium,308.0
17,1004,0.59,70,13,High,451.0
16,2121,0.26,51,15,High,309.0
15,2972,0.2,94,18,High,675.0
16,3046,0.28,43,13,High,452.0
14,1887,0.1,54,8,Low,101.0
18,3494,0.12,89,14,Medium,377.0
16,4316,0.28,59,11,Medium,595.0
13,1217,0.47,73,6,High,365.0
14,3984,0.55,63,1,Low,208.0
18,4934,0.42,81,2,High,781.0
15,1158,0.11,87,13,Medium,139.0
18,4508,0.42,52,1,Medium,237.0
19,4734,0.4,96,4,Low,649.0
13,4264,0.49,75,2,Medium,620.0
14,3489,0.5,55,16,High,1130.0
15,2604,0.53,73,3,Medium,466.0
13,1755,0.28,38,17,High,168.0
18,2982,0.43,62,5,High,561.0
13,883,0.2,31,8,Medium,100.0
14,3107,0.6,30,12,High,578.0
17,693,0.15,89,12,Medium,100.0
13,4307,0.06,31,1,Medium,100.0
19,4219,0.13,60,1,Low,100.0
13,3081,0.48,44,15,Medium,638.0
18,3065,0.3,22,17,Medium,153.0
18,3263,0.3,22,2,High,128.0
15,3298,0.58,47,17,Medium,804.0
18,2839,0.56,42,9,Low,341.0
16,3906,0.22,67,12,Medium,515.0
14,1231,0.16,86,4,Low,100.0
14,3372,0.52,61,13,High,1252.0
17,3620,0.55,59,4,High,841.0
17,4677,0.35,25,7,Medium,264.0
14,3104,0.4,39,14,High,625.0
19,2882,0.19,30,9,Medium,146.0
17,1031,0.49,46,1,Medium,100.0
15,4816,0.4,40,1,Low,130.0
18,1134,0.33,32,4,Medium,100.0
14,2269,0.08,54,1,High,100.0
17,4304,0.55,66,10,Low,854.0
14,2870,0.39,47,2,Medium,208.0
16,502,0.16,40,15,Medium,100.0
13,705,0.38,37,3,Low,100.0
18,4635,0.42,50,9,Low,535.0
14,3121,0.34,79,17,Low,552.0
13,3390,0.44,56,13,High,897.0
17,3693,0.37,40,3,High,267.0
13,3166,0.57,33,4,Medium,279.0
18,3806,0.08,79,4,High,144.0
14,1397,0.11,42,11,Low,120.0
16,1585,0.15,48,7,Medium,141.0
19,1779,0.43,66,11,Low,259.0
17,1170,0.41,49,11,Low,157.0
14,2005,0.54,57,10,High,629.0
18,4075,0.45,46,5,Low,359.0
17,2455,0.33,34,13,High,283.0
15,749,0.6,78,12,Medium,407.0
13,2392,0.2,22,10,Low,151.0
19,3939,0.51,29,7,High,503.0
18,2353,0.28,98,19,Medium,605.0
15,3354,0.41,99,19,Medium,1386.0
14,2003,0.45,36,19,Low,163.0
16,3885,0.4,30,12,Low,317.0
17,4071,0.13,67,15,High,426.0
13,4292,0.29,24,5,Medium,104.0
17,3926,0.36,88,14,Low,767.0
19,543,0.52,83,12,High,224.0
14,4112,0.29,33,11,Low,233.0
17,3118,0.56,69,5,Low,499.0
13,3663,0.29,45,16,Low,244.0
14,1788,0.35,91,18,Medium,534.0
17,3442,0.49,88,12,Low,904.0
16,719,0.37,26,5,Medium,100.0
18,2425,0.58,35,16,High,577.0
14,3472,0.41,74,12,Low,644.0
18,4013,0.34,97,2,Medium,491.0
14,2948,0.06,75,6,Medium,100.0
16,3971,0.28,23,4,Medium,158.0
18,3274,0.21,67,13,High,473.0
15,1490,0.46,36,10,Medium,194.0
13,3446,0.16,55,17,Low,121.0
15,2312,0.16,89,14,Medium,290.0
17,1303,0.15,99,15,Low,195.0
16,989,0.12,57,8,Medium,100.0
15,4056,0.22,81,18,Low,556.0
14,1993,0.54,67,3,Low,215.0
17,4145,0.48,29,17,Medium,494.0
17,3391,0.45,55,7,Low,435.0
15,2205,0.49,48,13,Medium,473.0
15,4016,0.2,97,16,Low,623.0
16,3840,0.54,23,5,High,316.0
13,553,0.13,63,4,Low,100.0
15,3075,0.23,75,10,High,563.0
19,4091,0.37,61,13,Medium,853.0
15,1115,0.11,32,10,High,100.0
18,1454,0.45,65,14,Low,250.0
14,2933,0.26,52,12,Medium,281.0
19,2129,0.48,40,1,Medium,110.0
19,3281,0.32,99,7,Medium,729.0
18,1149,0.15,98,9,Medium,159.0
18,2847,0.45,76,8,Medium,688.0
17,4990,0.19,88,13,Medium,737.0
13,3778,0.32,89,14,Low,593.0
14,3140,0.09,86,12,Low,100.0
16,4301,0.39,67,8,Medium,858.0
19,3061,0.42,95,18,Low,836.0
16,3749,0.26,52,16,Low,354.0
15,870,0.57,55,11,Low,126.0
15,1357,0.53,52,16,Low,207.0
16,883,0.44,50,14,Medium,152.0
15,4377,0.44,40,3,Medium,363.0
13,3052,0.19,46,2,High,159.0
18,4834,0.41,91,3,Medium,809.0
15,4790,0.16,81,4,High,344.0
17,3225,0.13,45,5,Medium,131.0
15,4534,0.6,85,10,High,2381.0
14,3793,0.39,31,2,High,239.0
13,4751,0.29,41,12,Medium,519.0
14,4488,0.21,36,5,Medium,239.0
14,1422,0.38,26,5,Low,126.0
17,3415,0.08,87,1,Low,100.0
13,3450,0.1,56,4,High,111.0
13,3546,0.07,57,12,High,207.0
13,1474,0.32,30,12,High,200.0
13,1730,0.38,20,16,High,147.0
13,2935,0.08,44,17,High,183.0
17,2314,0.45,61,10,Medium,504.0
15,3434,0.18,71,17,Medium,480.0
14,1863,0.43,43,17,Medium,413.0
13,4440,0.59,72,18,Medium,1956.0
19,703,0.43,75,2,Low,100.0
15,660,0.54,82,4,Medium,225.0
15,4987,0.57,27,19,Medium,798.0
14,1268,0.32,78,11,Medium,306.0
17,4248,0.44,64,17,High,1498.0
16,3081,0.52,46,12,Medium,668.0
16,1593,0.25,71,2,Low,100.0
15,1107,0.19,37,6,High,100.0
18,2040,0.57,35,9,Medium,275.0
18,3375,0.45,85,5,Low,495.0
14,3691,0.17,24,9,Medium,100.0
16,2337,0.3,22,8,Medium,100.0
15,1189,0.49,99,8,High,532.0
17,4259,0.35,89,6,Medium,857.0
16,3449,0.41,26,3,Low,117.0
15,2603,0.46,69,5,Medium,539.0
15,865,0.39,33,9,High,100.0
13,4075,0.35,57,7,Medium,458.0
17,4699,0.46,98,4,High,1482.0
13,4672,0.45,66,7,Low,661.0
14,4825,0.4,52,5,High,764.0
13,2878,0.25,62,11,High,438.0
19,1705,0.27,48,15,High,307.0
13,4339,0.58,76,2,Medium,669.0
19,3235,0.11,24,13,High,100.0
16,3847,0.2,79,16,Medium,649.0
18,2175,0.32,89,7,High,585.0
15,798,0.51,21,8,Medium,100.0
19,1456,0.14,89,6,Low,100.0
17,1614,0.2,62,7,Medium,125.0
13,3005,0.09,23,18,Medium,100.0
19,1974,0.44,75,7,Medium,518.0
17,4960,0.18,78,3,Medium,230.0
18,4946,0.26,28,5,Medium,290.0
18,4226,0.29,22,1,High,102.0
13,3971,0.54,67,15,Low,855.0
14,3328,0.28,62,3,Medium,309.0
13,3350,0.13,20,8,High,100.0
16,3006,0.34,76,9,Medium,504.0
19,4270,0.58,72,15,Medium,1602.0
15,3464,0.38,35,10,Medium,376.0
14,1449,0.59,70,2,Medium,219.0
13,3350,0.51,94,5,Low,694.0
17,665,0.07,74,19,Medium,100.0
14,3986,0.41,20,13,High,313.0
19,3009,0.21,47,11,Medium,241.0
14,1419,0.36,72,1,Low,100.0
19,613,0.2,77,15,High,100.0
13,4004,0.24,92,18,Medium,852.0
19,1491,0.56,79,16,Low,451.0
14,4339,0.16,78,9,High,557.0
17,1758,0.53,41,1,Low,100.0
18,3926,0.07,27,11,High,100.0
14,1014,0.1,68,9,Medium,100.0
19,3696,0.52,61,11,High,1150.0
18,4934,0.4,46,13,Medium,727.0
19,3084,0.46,58,2,Low,153.0
17,567,0.17,44,14,Medium,100.0
19,2096,0.35,57,6,High,390.0
13,4978,0.46,43,8,High,1030.0
15,518,0.4,43,18,Medium,100.0
14,3230,0.31,79,16,High,933.0
15,4021,0.58,69,12,Low,950.0
19,1072,0.42,85,11,Low,210.0
17,2758,0.55,33,6,Low,192.0
14,3402,0.45,72,3,High,668.0
19,1150,0.45,51,14,High,315.0
18,3087,0.09,67,2,Medium,100.0
16,3762,0.25,58,11,High,564.0
19,1838,0.52,59,3,Medium,288.0
15,4134,0.18,61,18,Medium,411.0
14,3327,0.11,96,1,Low,100.0
15,2717,0.23,95,1,High,199.0
14,4039,0.17,27,12,Low,160.0
19,1537,0.56,98,15,Medium,814.0
13,4883,0.53,45,5,Medium,672.0
18,4478,0.32,31,6,Low,136.0
19,3461,0.08,62,16,Medium,145.0
15,3726,0.44,70,12,Low,680.0
16,1598,0.39,82,12,High,504.0
16,2824,0.58,68,3,Medium,492.0
17,1439,0.36,46,2,Medium,146.0
14,4216,0.24,28,7,High,259.0
15,3914,0.34,58,2,Medium,251.0
17,1948,0.59,84,7,High,859.0
15,1070,0.43,90,11,Low,241.0
14,3404,0.42,90,11,Low,716.0
19,3005,0.18,26,14,Low,126.0
19,1417,0.46,91,3,High,260.0
16,2374,0.46,99,14,High,1274.0
19,2178,0.22,86,11,Medium,308.0
19,1115,0.32,29,4,Medium,107.0
13,2249,0.21,90,17,Low,219.0
16,4325,0.19,72,16,Low,432.0
17,4688,0.06,76,3,Medium,100.0
18,2977,0.21,46,10,Low,175.0
13,4005,0.35,73,15,Medium,909.0
17,3975,0.05,23,8,Medium,100.0
14,1635,0.21,42,18,High,172.0
13,4500,0.53,67,3,Medium,691.0
17,874,0.38,61,7,Medium,208.0
14,706,0.38,22,10,Medium,100.0
16,1819,0.27,22,9,Low,100.0
18,1641,0.42,47,14,High,422.0
14,3190,0.15,82,14,Low,200.0
19,3755,0.5,50,11,Low,557.0
15,589,0.11,29,1,Medium,100.0
14,4608,0.41,68,4,High,806.0
14,3520,0.24,40,6,Low,167.0
18,2357,0.46,72,5,Low,304.0
15,1304,0.35,95,3,Low,219.0
19,1444,0.3,73,2,Medium,157.0
17,3289,0.14,76,3,Medium,181.0
17,4375,0.4,39,9,Low,259.0
14,2110,0.59,68,19,High,1105.0
15,3423,0.5,26,19,High,531.0
15,4382,0.08,48,17,Medium,203.0
19,3721,0.26,67,18,Medium,619.0
18,4891,0.56,32,11,Medium,689.0
16,2887,0.33,22,12,Medium,155.0
17,1441,0.41,21,3,Medium,100.0
18,3066,0.55,35,18,Low,332.0
13,1475,0.53,25,6,Medium,100.0
17,1454,0.33,64,7,Medium,193.0
18,1762,0.29,90,1,Low,151.0
17,1443,0.24,24,6,Low,100.0
16,2702,0.45,75,18,Low,658.0
13,3827,0.21,90,13,High,875.0
16,4774,0.19,51,19,Low,333.0
19,2759,0.25,68,7,High,394.0
13,2328,0.15,32,19,Medium,100.0
14,1757,0.43,49,9,High,323.0
18,964,0.39,44,3,Medium,116.0
13,3794,0.32,79,12,High,1004.0
19,1730,0.26,78,18,Low,342.0
19,3154,0.55,47,8,Medium,543.0
16,1384,0.07,77,9,Low,101.0
17,4305,0.47,39,13,Medium,745.0
13,4356,0.55,53,8,Medium,948.0
18,3635,0.3,24,10,Medium,287.0
13,1424,0.35,79,17,Medium,364.0
15,2046,0.57,62,7,Low,352.0
17,1594,0.17,76,17,Medium,207.0
18,2911,0.34,76,18,Medium,757.0
18,3117,0.31,94,2,Low,138.0
14,1262,0.19,73,3,High,100.0
16,2823,0.5,64,19,High,1198.0
14,4645,0.54,56,1,High,397.0
18,3275,0.48,67,10,High,1176.0
17,3655,0.16,73,14,Low,272.0
13,4470,0.1,67,13,High,363.0
13,2540,0.38,25,9,Medium,260.0
17,1083,0.08,53,6,Low,100.0
18,4831,0.42,82,6,High,1459.0
19,2603,0.34,97,19,Low,620.0
13,2442,0.41,67,10,Medium,558.0
19,4955,0.37,42,3,Low,201.0
13,609,0.28,32,18,Medium,108.0
13,691,0.16,66,19,Medium,100.0
16,1403,0.22,63,5,Medium,105.0
16,1361,0.34,51,11,Low,198.0
15,1583,0.41,45,10,Medium,212.0
14,1149,0.48,72,17,Medium,394.0
17,4634,0.47,33,4,Low,263.0
17,4111,0.58,71,18,High,2127.0
17,1136,0.21,55,18,Medium,119.0
15,1536,0.09,27,1,High,100.0
16,4631,0.24,59,14,Low,436.0
18,2648,0.46,41,8,Medium,392.0
19,4365,0.29,35,2,Low,100.0
19,3657,0.5,79,19,Medium,1399.0
18,4087,0.35,79,15,Low,766.0
15,3794,0.56,29,2,Medium,209.0
18,4761,0.57,44,4,Medium,636.0
17,2930,0.09,50,1,Low,100.0
14,2379,0.3,40,19,Medium,278.0
13,4466,0.39,52,10,High,884.0
19,4213,0.19,50,1,Low,100.0
16,4626,0.27,40,15,High,553.0
16,4606,0.42,55,4,High,774.0
15,2511,0.17,84,7,Medium,178.0
16,3873,0.38,23,7,High,314.0
17,2643,0.43,87,18,High,1232.0
19,3000,0.1,23,13,Medium,130.0
18,1789,0.32,28,10,Medium,165.0
17,1947,0.19,49,8,Medium,100.0
15,3699,0.45,64,10,Medium,811.0
17,2443,0.15,23,14,Medium,100.0
18,3683,0.54,88,14,High,1996.0
14,3716,0.29,42,11,High,526.0
15,3636,0.16,35,6,Low,100.0
14,3818,0.29,41,1,Low,100.0
13,3282,0.27,91,19,High,1081.0
14,1490,0.29,67,7,Low,100.0
13,2653,0.37,81,18,Medium,756.0
13,725,0.34,79,3,Low,100.0
14,1276,0.13,99,11,Low,100.0
15,3337,0.09,24,5,Low,100.0
18,1187,0.45,99,19,Medium,537.0
17,1029,0.36,26,2,Low,100.0
17,3942,0.25,70,4,Medium,314.0
18,2653,0.49,84,10,Medium,751.0
19,1794,0.26,28,2,Medium,100.0
19,2026,0.49,64,8,High,586.0
13,3396,0.22,66,1,Medium,107.0
13,3603,0.09,86,6,Medium,100.0
15,2940,0.56,43,11,Medium,588.0
16,4635,0.27,29,10,Medium,337.0
14,4302,0.49,92,13,High,2233.0
13,1344,0.2,96,1,Medium,120.0
17,946,0.41,67,2,Medium,100.0
15,4415,0.53,54,3,High,792.0
14,3609,0.07,73,9,Medium,100.0
15,1734,0.51,90,5,Low,367.0
14,726,0.36,35,10,Medium,100.0
14,4643,0.38,72,10,High,1318.0
18,3459,0.34,59,12,Medium,661.0
13,2330,0.53,39,18,High,652.0
15,4279,0.07,88,1,Medium,100.0
15,686,0.19,64,3,Medium,100.0
18,3377,0.53,25,5,High,381.0
17,3035,0.46,88,17,Medium,1232.0
17,2432,0.06,68,8,High,115.0
19,3424,0.33,58,17,High,783.0
13,1348,0.34,21,9,High,100.0
13,2532,0.27,58,6,Low,199.0
16,1752,0.21,40,17,Low,100.0
18,2381,0.42,59,8,High,507.0
17,769,0.16,73,7,Medium,115.0
14,2130,0.49,31,7,Medium,315.0
15,4905,0.49,56,15,Low,929.0
13,3703,0.28,57,7,Low,174.0
15,2074,0.21,34,8,Medium,165.0
15,3392,0.21,26,9,Low,127.0
16,2195,0.32,97,15,Low,401.0
17,3758,0.45,69,2,Low,197.0
13,3762,0.25,84,7,Low,372.0
15,1945,0.39,86,15,High,790.0
13,719,0.26,63,18,High,100.0
14,552,0.22,50,18,Low,103.0
16,2257,0.06,62,10,Low,107.0
14,2166,0.05,96,18,Medium,124.0
13,3285,0.17,67,1,Medium,100.0
19,1219,0.27,80,7,High,221.0
13,905,0.52,94,3,High,298.0
17,2794,0.49,29,14,High,492.0
15,571,0.2,48,12,Medium,100.0
15,2553,0.18,67,14,Medium,246.0
14,1729,0.18,81,4,Medium,100.0
16,2067,0.24,32,13,Low,100.0
19,4182,0.32,63,16,Low,525.0
18,3453,0.29,66,16,Low,397.0
15,4982,0.17,83,5,Medium,407.0
17,1198,0.12,72,6,Low,100.0
14,1326,0.06,96,6,Low,100.0
14,848,0.13,95,18,Medium,100.0
18,4408,0.44,63,6,High,1076.0
17,807,0.18,47,7,Low,100.0
16,3916,0.31,21,16,Medium,330.0
17,2834,0.38,76,9,Low,467.0
16,3309,0.54,76,13,High,1558.0
17,4058,0.54,53,12,Low,680.0
17,4978,0.46,77,19,High,2359.0
13,3977,0.07,71,1,Low,100.0
14,3186,0.37,48,8,High,606.0
17,3485,0.48,54,4,Low,306.0
18,775,0.06,94,19,Low,100.0
17,3047,0.35,67,5,Low,389.0
15,3264,0.52,52,17,Low,544.0
14,836,0.31,94,3,High,169.0
15,2473,0.05,92,19,Medium,100.0
14,3479,0.06,97,1,Medium,100.0
15,4468,0.28,28,1,High,198.0
17,1410,0.14,67,9,Medium,100.0
17,2496,0.42,86,5,High,698.0
13,3629,0.44,55,7,Low,378.0
18,4704,0.15,90,6,High,521.0
15,4257,0.54,63,17,Low,993.0
16,827,0.29,79,17,Medium,165.0
13,2299,0.13,82,13,Medium,291.0
15,814,0.47,24,12,Medium,102.0
15,4045,0.48,95,4,Medium,909.0
13,1634,0.4,59,8,Medium,294.0
17,3246,0.52,38,5,High,564.0
15,2020,0.46,66,5,High,496.0
17,655,0.54,84,13,High,348.0
13,2224,0.29,86,11,High,574.0
17,3843,0.46,37,8,High,609.0
14,1386,0.6,69,8,High,539.0
16,3573,0.45,49,1,High,111.0
19,3305,0.11,85,13,Medium,291.0
15,1221,0.34,24,5,High,126.0
18,1412,0.37,61,8,High,262.0
16,3857,0.15,24,17,High,183.0
19,1370,0.58,69,13,Medium,493.0
17,4608,0.15,77,9,Low,322.0
15,997,0.15,98,2,High,100.0
17,2256,0.55,27,19,High,456.0
14,1617,0.31,50,17,Medium,180.0
13,3909,0.08,31,7,Low,100.0
15,3328,0.38,40,3,Medium,252.0
19,2147,0.38,81,19,Medium,639.0
19,3483,0.09,52,19,Medium,100.0
14,642,0.58,45,9,Medium,144.0
14,3261,0.35,59,10,High,626.0
15,3935,0.36,84,14,Medium,1194.0
17,2931,0.34,78,18,Medium,643.0
18,2348,0.39,34,15,High,371.0
19,3196,0.2,20,1,Medium,100.0
19,2217,0.21,30,6,Low,108.0
14,3572,0.33,74,15,Medium,774.0
16,1567,0.49,21,6,Medium,154.0
14,3286,0.08,84,18,High,316.0
18,4291,0.38,63,1,High,251.0
17,1788,0.49,35,3,Medium,103.0
17,4371,0.14,41,17,Low,150.0
16,2306,0.06,37,16,Low,100.0
19,2004,0.22,66,8,High,263.0
14,3808,0.37,49,17,High,888.0
17,3451,0.13,29,8,Medium,106.0
18,571,0.28,77,17,Medium,100.0
15,2190,0.35,81,9,High,565.0
13,1844,0.38,99,12,High,719.0
13,3803,0.2,25,19,Low,147.0
13,3613,0.27,86,4,High,567.0
19,1382,0.48,60,11,Medium,429.0
14,4734,0.57,62,4,Low,619.0
16,3162,0.52,96,14,Medium,1413.0
17,2004,0.36,37,14,Low,100.0
15,2963,0.28,77,6,Low,219.0
18,3053,0.23,79,17,Medium,471.0
15,1232,0.12,46,2,Medium,100.0
18,2248,0.11,87,8,Medium,100.0
19,4424,0.43,41,4,Medium,355.0
14,923,0.19,43,10,Low,100.0
13,3978,0.19,59,7,High,353.0
14,2091,0.6,93,4,Medium,615.0
19,4985,0.15,85,16,Medium,621.0
16,4937,0.13,59,14,High,485.0
16,992,0.1,25,16,Medium,100.0
19,691,0.37,37,9,Medium,100.0
18,998,0.4,49,4,Medium,152.0
17,1756,0.25,40,6,High,167.0
17,2468,0.34,81,1,High,253.0
18,4822,0.48,29,7,Low,214.0
16,2686,0.5,32,1,Medium,100.0
16,1316,0.58,95,19,Low,502.0
16,3720,0.5,28,8,High,483.0
14,1973,0.36,87,3,Medium,288.0
16,1586,0.15,58,1,High,100.0
15,4699,0.1,43,1,Medium,100.0
13,2374,0.08,53,7,Medium,100.0
16,1370,0.42,80,13,High,508.0
18,2542,0.49,60,1,High,293.0
13,772,0.33,24,16,Low,105.0
14,1529,0.08,98,14,Medium,115.0
18,3718,0.34,69,4,Medium,429.0
13,4569,0.56,23,12,Medium,414.0
18,1551,0.38,70,12,Medium,341.0
14,4533,0.5,71,17,Medium,1553.0
15,2073,0.49,58,15,Medium,500.0
14,3690,0.56,27,10,Low,308.0
14,4888,0.47,64,3,Medium,652.0
18,4297,0.46,47,12,Low,462.0
19,3789,0.18,46,1,Low,100.0
17,4247,0.08,84,1,High,106.0
16,2605,0.33,53,10,Low,259.0
16,807,0.12,81,18,Medium,156.0
15,3859,0.58,81,15,Medium,1635.0
15,3676,0.21,57,2,Medium,139.0
16,1751,0.52,45,17,Medium,497.0
17,3247,0.26,43,8,Medium,200.0
16,2017,0.23,58,9,Low,111.0
19,1878,0.56,40,11,High,464.0
17,2461,0.25,66,6,High,394.0
15,4805,0.26,67,14,Low,568.0
13,3363,0.11,32,1,Medium,100.0
18,3156,0.42,22,7,Medium,281.0
19,2994,0.21,51,9,Low,193.0
19,4505,0.37,54,11,Medium,694.0
15,4063,0.38,38,16,Medium,509.0
15,1422,0.45,33,19,Low,149.0
14,4732,0.46,67,2,High,792.0
19,4962,0.33,87,15,Medium,1308.0
14,3459,0.23,64,3,Medium,339.0
14,683,0.51,38,4,High,135.0
18,3858,0.22,83,7,Low,274.0
14,1898,0.33,85,12,Medium,519.0
17,3296,0.27,98,4,Medium,414.0
16,1036,0.52,85,10,Medium,330.0
13,1773,0.29,94,6,Medium,323.0
15,3467,0.26,64,14,Low,358.0
17,3549,0.43,93,3,Low,497.0
13,1596,0.38,86,17,Low,372.0
19,1805,0.11,88,11,High,179.0
19,1415,0.33,22,10,Low,142.0
19,3581,0.45,57,10,Low,483.0
17,4747,0.6,96,10,High,2750.0
17,1528,0.4,61,3,Medium,193.0
15,2477,0.25,59,15,Medium,332.0
16,3854,0.17,69,17,Low,313.0
14,3011,0.53,54,18,Medium,870.0
19,770,0.5,43,19,Low,105.0
18,1686,0.18,36,19,Medium,200.0
16,4700,0.16,59,12,High,499.0
18,4264,0.44,93,5,Medium,1004.0
15,2898,0.22,85,16,Low,382.0
15,4735,0.22,63,15,Medium,593.0
15,4682,0.13,42,15,Medium,238.0
13,2211,0.2,25,6,Medium,100.0
18,2730,0.29,85,12,Medium,517.0
16,628,0.45,40,2,Medium,100.0
16,1769,0.23,54,9,Medium,104.0
17,4172,0.23,48,4,High,310.0
17,2101,0.21,26,5,High,104.0
19,4470,0.31,72,8,Low,575.0
17,4744,0.15,56,10,High,384.0
15,1127,0.32,42,7,Low,110.0
16,4297,0.44,27,14,High,584.0
18,2544,0.07,95,5,Low,100.0
15,4052,0.06,67,16,Medium,154.0
13,2841,0.09,29,15,High,100.0
17,3714,0.34,98,5,Low,531.0
15,749,0.52,43,3,High,100.0
15,3425,0.05,66,10,Medium,100.0
13,1474,0.57,72,5,Medium,416.0
14,1825,0.11,58,15,Medium,100.0
16,1483,0.51,86,18,High,722.0
18,1388,0.32,85,8,Low,215.0
19,3437,0.41,25,2,Medium,170.0
14,2617,0.33,40,8,High,367.0
17,3172,0.31,92,8,High,818.0
15,1826,0.51,93,4,High,595.0
13,970,0.47,55,19,Medium,273.0
13,2487,0.32,22,18,High,268.0
16,590,0.11,97,1,High,100.0
14,1029,0.11,61,15,High,121.0
19,4559,0.49,64,18,Low,931.0
16,3273,0.34,63,12,Medium,476.0
15,2186,0.31,52,1,Medium,133.0
16,691,0.42,79,7,Medium,109.0
18,2486,0.52,89,19,Medium,1124.0
13,4123,0.4,96,1,Low,293.0
13,2685,0.47,45,7,Medium,389.0
17,4940,0.47,40,2,Low,270.0
17,1508,0.25,21,7,Low,161.0
19,4283,0.2,66,19,Medium,584.0
15,4798,0.49,49,13,High,1262.0
18,4787,0.26,46,5,Medium,265.0
14,2552,0.55,90,19,Low,904.0
16,3808,0.09,39,1,Low,100.0
19,2216,0.08,69,1,Medium,100.0
15,810,0.56,42,18,High,298.0
17,1760,0.41,32,1,Medium,100.0
16,4432,0.26,23,5,Low,109.0
17,3768,0.47,33,9,Medium,551.0
16,1084,0.42,39,12,High,246.0
14,3299,0.34,32,9,Low,140.0
15,859,0.1,22,18,Medium,100.0
16,3366,0.5,97,11,Medium,1345.0
18,2511,0.53,66,1,Low,235.0
19,4506,0.14,22,19,Low,143.0
13,2125,0.52,20,10,Medium,198.0
18,3264,0.53,43,2,Low,209.0
18,1390,0.35,54,7,Low,100.0
19,1231,0.41,33,2,Medium,100.0
13,4461,0.26,86,19,Low,697.0
18,3004,0.2,32,6,Medium,100.0
16,1114,0.45,66,10,Low,206.0
16,4306,0.52,69,9,Medium,1131.0
16,2219,0.41,97,8,High,808.0
13,2087,0.33,45,11,Medium,288.0
18,2111,0.14,22,9,Medium,100.0
13,1396,0.08,70,9,Low,100.0
16,777,0.3,59,8,Medium,107.0
19,2136,0.08,87,15,Low,100.0
18,2658,0.36,55,2,Low,177.0
18,2932,0.26,70,1,Medium,168.0
17,4404,0.47,20,9,High,456.0
17,3762,0.22,52,9,Medium,421.0
14,1949,0.38,26,13,Low,100.0
15,1732,0.35,71,8,High,306.0
17,4617,0.05,30,5,Low,100.0
13,1177,0.09,46,3,High,100.0
17,3158,0.21,33,4,Medium,112.0
14,2528,0.54,99,17,Medium,1213.0
18,4258,0.13,65,16,Medium,251.0
14,2537,0.44,95,16,High,1354.0
18,3149,0.59,29,3,High,349.0
19,1156,0.48,43,6,Medium,128.0
19,665,0.18,80,1,Medium,116.0
18,1089,0.55,37,16,Medium,339.0
15,3321,0.1,28,15,Medium,136.0
17,4758,0.31,36,7,High,509.0
13,1762,0.54,77,2,Low,211.0
13,571,0.4,32,10,Medium,100.0
16,4016,0.28,69,15,High,1016.0
18,4080,0.21,25,6,High,129.0
13,768,0.26,70,2,Low,100.0
15,2276,0.33,55,17,Low,272.0
18,2962,0.23,90,1,High,210.0
15,1768,0.58,44,1,Medium,181.0
13,1515,0.56,30,4,Medium,155.0
13,3222,0.53,63,16,Low,732.0
16,1583,0.28,33,8,High,171.0
13,4601,0.43,48,1,Low,152.0
18,906,0.55,93,19,Low,298.0
19,3576,0.52,69,11,Low,737.0
18,1485,0.28,24,17,High,100.0
18,4103,0.11,91,10,High,389.0
16,4985,0.09,88,12,High,451.0
16,1209,0.37,76,9,Medium,233.0
13,3118,0.4,45,7,High,591.0
14,1911,0.52,25,12,High,279.0
14,1985,0.21,35,15,High,241.0
16,3450,0.14,79,8,High,296.0
13,3434,0.26,31,17,Medium,202.0
14,4614,0.24,94,5,Medium,607.0
13,1503,0.12,22,14,High,100.0
13,2966,0.42,82,2,High,455.0
13,2966,0.33,83,16,Medium,751.0
17,2438,0.45,81,17,Low,641.0
18,2439,0.24,25,3,Medium,100.0
13,2135,0.23,38,1,Medium,100.0
17,2198,0.31,37,18,Low,206.0
16,2591,0.53,99,18,High,1644.0
14,2395,0.07,62,4,Medium,100.0
18,4740,0.49,92,15,Medium,1952.0
19,3898,0.25,22,19,Medium,237.0
14,1573,0.52,91,19,Medium,774.0
18,2902,0.49,57,10,Low,496.0
19,3712,0.24,87,5,Medium,441.0
14,4537,0.43,95,19,Low,1324.0
18,1651,0.14,63,11,Low,109.0
14,2945,0.54,99,7,Low,789.0
14,2456,0.27,82,5,Low,192.0
19,4407,0.3,61,12,Medium,713.0
14,1307,0.44,83,19,Medium,462.0
14,686,0.5,73,15,High,299.0
19,1807,0.18,97,12,Medium,274.0
16,2784,0.41,96,4,High,859.0
13,1257,0.27,90,12,Medium,212.0
15,4731,0.25,95,18,High,1472.0
17,4354,0.43,56,17,Medium,1067.0
15,4766,0.26,23,19,Medium,322.0
15,2706,0.24,21,16,Low,100.0
18,4058,0.51,63,11,Medium,1149.0
13,2080,0.11,86,2,Medium,100.0
18,1461,0.42,87,16,Medium,531.0
13,4347,0.19,95,1,High,238.0
19,4075,0.06,93,17,Low,133.0
19,1375,0.14,81,18,Low,133.0
13,2918,0.38,20,13,Medium,286.0
14,4698,0.44,36,5,High,582.0
16,1501,0.06,35,6,Medium,119.0
14,3884,0.07,28,1,Medium,100.0
16,4566,0.55,72,10,Low,1001.0
18,3345,0.09,92,5,Medium,102.0
16,1981,0.54,78,1,High,219.0
18,3801,0.18,28,11,High,192.0
19,1157,0.46,31,7,Low,100.0
15,3280,0.22,60,18,Medium,371.0
19,922,0.52,34,10,Medium,100.0
19,4181,0.44,85,15,Low,982.0
15,4766,0.27,94,4,Medium,699.0
16,3210,0.09,30,16,Medium,100.0
16,952,0.45,27,15,Low,100.0
18,2897,0.39,74,15,High,902.0
14,2475,0.05,25,12,Low,100.0
18,2157,0.06,72,8,High,119.0
14,3041,0.49,39,8,High,527.0
19,3575,0.19,58,18,High,477.0
15,3664,0.4,91,6,Low,577.0
19,3466,0.3,53,5,High,328.0
13,2553,0.52,76,2,High,516.0
16,787,0.55,38,12,Low,163.0
14,3717,0.6,90,4,Medium,1044.0
18,4354,0.13,50,13,Low,176.0
15,1947,0.52,59,17,High,743.0
14,1107,0.2,33,16,High,100.0
18,2264,0.37,56,9,High,439.0
16,1725,0.33,63,1,High,195.0
19,1735,0.06,28,15,Medium,100.0
16,1529,0.56,77,12,Low,400.0
17,3171,0.09,39,5,Low,100.0
13,4462,0.43,69,18,Low,875.0
17,3677,0.48,39,2,Medium,281.0
15,4222,0.49,55,4,High,740.0
14,1975,0.12,46,15,High,210.0
15,3396,0.3,91,6,Low,334.0
19,1308,0.51,51,12,Medium,255.0
18,1478,0.22,20,18,Medium,100.0
16,2963,0.31,36,4,Medium,241.0
17,1225,0.2,28,1,Medium,100.0
17,3001,0.3,64,15,Medium,510.0
19,3862,0.54,85,18,High,2249.0
17,1716,0.3,51,14,High,374.0
19,4551,0.36,64,3,High,631.0
15,2697,0.27,28,15,Low,187.0
16,3306,0.3,49,5,Low,186.0
14,1278,0.06,57,3,Medium,100.0
18,1472,0.21,79,7,High,228.0
14,3310,0.29,20,6,High,125.0
15,2623,0.4,24,1,Medium,100.0
18,1098,0.3,82,19,High,325.0
17,3841,0.24,55,7,Medium,342.0
13,724,0.26,84,4,Low,100.0
15,1340,0.18,97,12,High,250.0
15,2314,0.56,92,18,High,1487.0
16,1606,0.34,43,9,Low,182.0
14,624,0.06,23,19,Medium,100.0
15,3746,0.06,97,4,Medium,116.0
15,3431,0.59,87,1,Low,199.0
17,4625,0.17,44,9,High,318.0
17,3471,0.49,93,15,Medium,1499.0
18,2517,0.08,26,8,Low,100.0
19,2915,0.56,32,15,Low,280.0
19,3596,0.53,87,15,High,2021.0
13,2109,0.36,62,18,High,511.0
19,1217,0.05,76,7,High,100.0
16,4061,0.19,55,18,Low,315.0
13,1516,0.27,33,16,High,170.0
18,4065,0.3,91,2,Medium,338.0
17,4970,0.21,46,4,Medium,207.0
19,2460,0.07,56,16,High,100.0
14,1548,0.37,90,3,Low,204.0
17,1857,0.34,95,2,Medium,225.0
16,3926,0.21,44,3,Low,100.0
17,615,0.07,86,5,Medium,100.0
16,2595,0.6,23,2,Low,100.0
16,2301,0.32,98,19,High,960.0
16,2646,0.47,93,2,Medium,440.0
18,2120,0.3,35,2,Medium,100.0
16,3450,0.07,38,18,High,107.0
16,4292,0.22,48,14,High,507.0
14,3441,0.23,70,15,Medium,554.0
13,1477,0.51,37,12,Medium,246.0
15,3566,0.41,77,11,Low,632.0
13,1283,0.2,63,11,Low,100.0
16,740,0.58,35,7,Medium,132.0
14,2053,0.23,84,12,Low,261.0
17,1512,0.6,21,16,Medium,151.0
14,686,0.6,75,5,Low,106.0
16,2381,0.16,98,2,Medium,129.0
14,930,0.22,47,16,Medium,100.0
19,738,0.32,84,15,Low,130.0
14,2845,0.42,24,11,Low,100.0
16,575,0.34,41,6,Medium,100.0
18,1856,0.58,32,13,Medium,273.0
19,2830,0.45,84,19,Medium,1021.0
14,2402,0.17,35,10,High,169.0
15,4513,0.11,83,19,Low,298.0
15,2559,0.43,51,5,Low,300.0
14,640,0.14,99,7,Low,100.0
18,2289,0.48,70,11,Medium,638.0
17,4126,0.22,98,14,High,970.0
16,516,0.23,77,16,Low,100.0
15,4848,0.06,65,18,Medium,186.0
17,964,0.44,71,4,Medium,163.0
14,4971,0.11,82,1,High,147.0
17,2327,0.48,95,15,High,1320.0
19,3528,0.32,79,14,Medium,737.0
13,1019,0.48,84,19,Medium,489.0
15,589,0.37,74,5,High,100.0
14,3351,0.1,76,4,High,194.0
16,3343,0.47,90,13,Medium,1163.0
18,2384,0.09,92,18,Medium,227.0
19,4671,0.31,45,12,Medium,475.0
14,1425,0.14,31,15,Medium,100.0
16,4234,0.46,90,9,Medium,1333.0
18,1469,0.55,65,4,Low,188.0
18,1594,0.35,66,5,High,337.0
14,3695,0.34,98,9,Medium,935.0
19,1904,0.47,57,13,High,538.0
17,3864,0.05,40,10,Medium,100.0
17,4790,0.55,33,16,High,1213.0
18,4482,0.16,21,13,Medium,100.0
17,4823,0.59,91,4,Medium,1395.0
13,4513,0.45,89,13,Medium,1587.0
18,3592,0.48,52,8,Medium,674.0
18,4659,0.41,25,13,High,561.0
16,2574,0.31,56,15,Low,271.0
17,784,0.36,33,13,Medium,100.0
19,1687,0.08,56,5,Low,100.0
18,4469,0.39,27,6,High,390.0
19,3465,0.39,96,5,Low,541.0
13,4819,0.54,32,13,Medium,750.0
16,1283,0.33,59,5,Low,100.0
14,1449,0.09,77,13,Medium,100.0
19,4439,0.22,37,8,High,384.0
18,544,0.41,76,9,Low,100.0
13,2310,0.18,57,19,Medium,209.0
15,2581,0.2,51,15,Low,139.0
13,3998,0.5,85,10,Medium,1368.0
13,1329,0.37,96,11,Medium,375.0
16,2409,0.33,44,5,Medium,316.0
14,3081,0.23,77,9,Medium,416.0
15,1191,0.45,94,11,Medium,351.0
17,4519,0.21,52,19,Low,318.0
17,1431,0.46,85,2,Medium,235.0
19,3906,0.09,49,6,Low,100.0
13,647,0.53,53,1,High,100.0
16,1532,0.32,88,3,High,304.0
16,1811,0.29,67,3,Low,169.0
17,887,0.39,59,14,Low,101.0
19,3621,0.39,70,5,Low,394.0
19,2373,0.12,99,17,High,353.0
19,4088,0.47,32,15,High,795.0
15,1415,0.2,50,6,Medium,100.0
14,2378,0.55,58,14,Medium,693.0
15,4248,0.5,82,14,Low,1087.0
18,777,0.24,67,17,Medium,100.0
18,2477,0.49,67,8,High,825.0
14,2359,0.25,80,8,Medium,390.0
17,3536,0.11,31,19,High,231.0
14,3871,0.58,97,9,Medium,1706.0
16,2682,0.41,75,11,Low,472.0
18,1670,0.3,37,13,Medium,192.0
13,989,0.27,46,13,Medium,123.0
13,3025,0.23,47,19,High,373.0
17,1682,0.59,99,19,Medium,901.0
16,4979,0.12,71,5,Medium,268.0
15,4758,0.22,35,16,Medium,346.0
16,2988,0.32,96,9,Medium,677.0
13,2376,0.31,77,3,Medium,254.0
13,2962,0.31,28,19,High,417.0
18,2130,0.15,45,5,Medium,100.0
16,787,0.13,47,8,Low,100.0
16,4782,0.19,96,14,High,1051.0
13,2407,0.55,55,3,Low,280.0
15,1661,0.11,28,13,Low,100.0
17,629,0.47,66,11,Medium,145.0
19,2863,0.47,97,8,Low,642.0
17,643,0.5,70,19,High,302.0
16,515,0.54,95,10,Medium,152.0
17,744,0.19,76,18,Medium,123.0
13,1426,0.17,51,18,Low,100.0
13,3678,0.31,86,7,Low,454.0
16,2676,0.2,76,16,Medium,446.0
16,1386,0.45,73,6,Medium,333.0
19,840,0.4,35,16,High,148.0
19,2551,0.53,81,16,Low,644.0
18,3898,0.1,75,1,Medium,100.0
16,4450,0.55,42,19,Low,728.0
15,805,0.21,36,3,Medium,100.0
17,1407,0.32,99,6,Medium,302.0
16,3154,0.29,57,4,Low,139.0
14,4292,0.47,91,4,Medium,896.0
18,4542,0.28,49,4,Low,174.0
14,1871,0.57,77,10,Medium,539.0
13,820,0.55,97,9,Medium,310.0
19,4559,0.53,41,8,Low,450.0
17,1631,0.09,36,19,High,125.0
16,3078,0.52,34,17,Medium,499.0
14,4542,0.48,67,17,High,1767.0
17,3867,0.11,51,1,Low,100.0
13,1317,0.11,96,14,High,139.0
19,511,0.11,59,11,Low,100.0
15,694,0.06,76,3,Medium,100.0
18,3037,0.35,77,8,High,750.0
17,3342,0.59,35,10,Low,377.0
17,2729,0.29,47,17,Low,282.0
15,3509,0.35,20,8,High,179.0
17,2577,0.58,60,1,Medium,223.0
13,4367,0.19,67,7,Medium,498.0
13,943,0.52,50,9,Low,168.0
15,797,0.35,55,12,Medium,166.0
18,1344,0.36,52,9,Low,200.0
16,1515,0.24,52,3,High,157.0
14,1884,0.36,42,4,Medium,138.0
16,1897,0.09,79,10,High,100.0
17,1053,0.47,98,4,Low,173.0
14,2850,0.21,49,9,High,240.0
15,1769,0.54,64,1,Medium,125.0
15,1760,0.25,99,5,High,290.0
18,684,0.13,58,9,Low,100.0
14,2910,0.43,64,5,High,538.0
13,4931,0.14,97,6,Medium,393.0
14,2709,0.46,31,19,Low,286.0
17,4172,0.58,51,8,Medium,924.0
13,2381,0.48,75,10,Low,495.0
19,4796,0.06,43,11,Medium,100.0
19,1021,0.38,32,13,Medium,114.0
19,2387,0.43,39,4,Medium,309.0
15,3052,0.5,98,11,Medium,1185.0
14,4309,0.08,75,12,Medium,298.0
19,4655,0.31,72,5,Low,356.0
16,4916,0.34,87,10,High,1403.0
18,3979,0.14,73,7,High,354.0
16,1909,0.23,53,9,Medium,174.0
19,2194,0.29,47,9,Low,102.0
18,1026,0.51,69,10,Medium,268.0
17,3160,0.56,21,10,High,401.0
16,2672,0.4,45,2,Medium,125.0
14,779,0.27,70,4,Medium,129.0
14,3464,0.19,66,8,Low,276.0
16,4477,0.59,45,14,High,1437.0
19,3169,0.59,94,17,Medium,1623.0
14,3393,0.56,93,13,Low,1033.0
17,2251,0.48,80,18,Low,577.0
13,4481,0.23,42,18,Medium,405.0
19,2861,0.5,56,13,Medium,678.0
17,4927,0.27,60,8,Medium,614.0
18,4631,0.23,71,12,High,859.0
17,2208,0.46,68,1,Low,100.0
19,3186,0.09,46,18,High,109.0
18,3395,0.08,25,3,Medium,100.0
19,3276,0.3,93,12,Medium,726.0
14,1619,0.3,85,19,High,570.0
13,3488,0.54,43,13,Medium,709.0
19,4759,0.12,57,10,Medium,303.0
19,4743,0.12,47,15,High,232.0
14,694,0.13,47,2,Medium,100.0
15,1162,0.07,85,19,Medium,100.0
14,979,0.09,80,3,High,102.0
18,4718,0.41,65,14,Medium,1098.0
14,1923,0.29,88,7,Medium,311.0
14,3208,0.47,94,8,High,1405.0
13,3675,0.6,93,11,Medium,1665.0
14,4314,0.41,62,6,Low,499.0
19,2514,0.08,78,11,High,190.0
13,4289,0.11,21,17,Low,100.0
16,2943,0.53,34,10,High,545.0
15,1411,0.34,56,17,High,269.0
13,3713,0.5,90,2,Medium,599.0
18,2864,0.52,39,6,Low,245.0
16,4129,0.56,54,5,Low,489.0
13,3972,0.57,53,4,Medium,666.0
13,1180,0.36,50,2,High,105.0
15,1109,0.24,38,12,Medium,100.0
19,2656,0.58,87,3,Low,372.0
18,4366,0.35,43,6,Medium,462.0
17,871,0.09,58,14,High,100.0
17,1115,0.4,73,8,Medium,164.0
13,2753,0.37,58,14,High,662.0
14,4638,0.54,36,3,Medium,403.0
18,1364,0.41,38,16,High,195.0
16,1768,0.24,67,15,Medium,227.0
14,1284,0.58,54,7,Low,238.0
14,4678,0.49,51,15,High,1508.0
18,2737,0.4,66,13,Medium,641.0
19,4554,0.21,66,6,Low,215.0
13,1435,0.26,83,15,High,356.0
13,4480,0.42,65,17,Medium,1167.0
13,2838,0.09,54,4,Low,100.0
13,825,0.19,36,14,Medium,100.0
17,2034,0.44,61,15,High,715.0
13,3980,0.31,48,12,Medium,499.0
17,4361,0.27,89,19,Low,723.0
17,2485,0.13,36,10,Medium,100.0
19,3278,0.29,33,6,Medium,150.0
13,1770,0.47,43,9,High,284.0
15,1140,0.2,76,2,Low,100.0
16,4578,0.05,69,4,Medium,100.0
14,1867,0.42,76,9,Low,261.0
17,4542,0.58,80,15,Medium,1974.0
18,3075,0.38,58,13,High,668.0
18,4103,0.12,74,8,Low,174.0
16,2081,0.23,55,19,Medium,302.0
18,2486,0.53,56,19,Medium,711.0
15,2740,0.18,33,16,High,263.0
18,4466,0.38,46,11,Medium,607.0
14,2605,0.27,50,10,Medium,365.0
14,628,0.16,92,8,High,100.0
17,4496,0.5,63,1,High,486.0
13,1351,0.46,87,10,High,509.0
19,4603,0.41,67,18,Medium,1295.0
15,2576,0.18,76,3,High,185.0
17,3494,0.1,94,11,Low,243.0
15,4244,0.37,41,18,Low,500.0
13,3256,0.35,23,3,Medium,100.0
18,2144,0.15,91,8,Medium,262.0
18,4871,0.08,65,14,High,291.0
19,3644,0.09,78,6,Low,100.0
13,742,0.6,53,15,High,305.0
17,4585,0.48,30,14,High,713.0
19,670,0.56,50,7,Medium,100.0
13,1152,0.16,30,10,High,100.0
16,4012,0.58,75,15,Low,1131.0
14,1999,0.13,57,10,Low,100.0
19,2599,0.33,40,17,High,362.0
19,2658,0.51,29,19,Medium,335.0
17,2472,0.24,45,17,Low,142.0
15,4425,0.28,27,12,Medium,307.0
16,2758,0.12,27,15,High,151.0
17,4539,0.12,79,12,Medium,407.0
13,2535,0.39,91,9,Medium,679.0
13,3771,0.42,53,5,Medium,491.0
13,1357,0.48,35,4,High,147.0
13,4323,0.36,32,12,Low,316.0
15,1549,0.41,95,16,Low,449.0
16,4490,0.06,41,9,Medium,100.0
18,798,0.14,46,3,Medium,100.0
14,1423,0.59,83,3,Medium,255.0
15,4732,0.09,21,18,Low,103.0
15,4806,0.42,45,17,Low,614.0
18,3299,0.15,88,10,Low,188.0
18,4562,0.44,49,2,Low,302.0
14,4545,0.44,27,11,Medium,379.0
14,2302,0.18,57,3,Medium,100.0
18,3213,0.2,80,2,Medium,228.0
13,3353,0.41,84,9,Medium,893.0
15,3157,0.26,86,19,Low,426.0
17,3846,0.16,65,2,Medium,162.0
14,1971,0.45,91,19,Low,614.0
14,3449,0.13,62,2,Low,100.0
18,1441,0.52,78,15,Low,495.0
16,2407,0.33,65,3,High,263.0
17,1743,0.11,91,5,Medium,100.0
17,4923,0.43,54,11,High,1142.0
14,1966,0.34,58,7,Medium,150.0
13,4457,0.21,70,6,Medium,526.0
16,2466,0.28,23,14,High,183.0
17,875,0.21,99,1,Low,126.0
14,762,0.19,96,17,Low,100.0
17,4862,0.14,70,17,High,543.0
19,3888,0.25,24,14,Medium,121.0
16,3895,0.19,74,10,Low,282.0
16,2444,0.43,39,8,Low,249.0
19,2393,0.43,43,8,High,404.0
15,4134,0.33,55,14,High,788.0
19,2152,0.48,53,7,Medium,407.0
18,4641,0.51,73,6,Low,815.0
18,4392,0.37,53,4,High,565.0
14,1099,0.39,36,1,Medium,100.0
16,2412,0.21,24,15,Medium,100.0
15,1792,0.54,37,15,Medium,357.0
15,1100,0.06,74,1,Medium,100.0
17,880,0.24,72,3,Medium,100.0
17,4713,0.45,69,5,High,1045.0
19,4137,0.09,91,5,High,287.0
15,2663,0.15,98,4,Medium,190.0
19,4855,0.37,64,17,Low,707.0
19,1598,0.36,32,14,Low,117.0
17,865,0.46,35,8,Medium,100.0
16,3070,0.5,32,2,Medium,145.0
19,3919,0.12,39,8,Medium,119.0
13,2976,0.06,85,1,Low,108.0
16,1290,0.43,66,4,Low,220.0
15,4069,0.22,38,19,Medium,236.0
15,1246,0.39,64,5,Medium,180.0
19,812,0.13,56,5,Medium,100.0
16,1420,0.31,73,19,Medium,263.0
17,1577,0.33,25,12,High,100.0
17,3329,0.37,33,1,High,100.0
18,2881,0.33,23,7,Medium,100.0
15,4118,0.32,74,17,Low,699.0
14,1297,0.23,53,2,Medium,100.0
18,4943,0.09,46,11,Medium,100.0
17,772,0.1,26,7,Low,100.0
16,3510,0.29,22,17,High,268.0
17,2273,0.25,66,3,Medium,158.0
16,3047,0.33,21,6,Medium,165.0
18,3664,0.22,99,11,Medium,713.0
15,1446,0.43,44,18,Low,171.0
17,3165,0.53,79,18,Low,910.0
19,1006,0.21,98,10,Medium,150.0
16,743,0.16,43,5,Low,100.0
15,1005,0.11,34,15,Low,100.0
14,3658,0.39,33,4,High,354.0
16,4090,0.29,73,1,Medium,211.0
18,2372,0.15,97,15,Low,172.0
14,4293,0.41,25,17,Medium,528.0
14,1692,0.13,97,19,Medium,142.0
13,4925,0.35,37,14,Medium,584.0
17,1964,0.34,39,19,Low,132.0
16,890,0.45,81,18,Medium,343.0
14,4976,0.08,99,2,Low,200.0
13,3877,0.54,59,6,Medium,828.0
18,1172,0.44,58,13,Medium,253.0
15,3060,0.17,71,17,Low,292.0
19,1711,0.15,51,6,Low,100.0
19,1429,0.29,92,5,Medium,249.0
16,2039,0.5,46,7,Medium,325.0
14,1412,0.51,71,1,Low,100.0
19,1143,0.34,82,13,Low,279.0
17,1001,0.52,93,19,High,681.0
19,1229,0.05,82,1,Low,100.0
19,1783,0.07,36,13,High,102.0
19,2618,0.55,68,11,Low,501.0
13,4886,0.48,42,7,Low,494.0
14,4336,0.3,91,3,Medium,541.0
17,1419,0.46,32,1,Low,117.0
14,4550,0.58,42,8,Low,577.0
16,2839,0.47,76,17,Low,597.0
16,1255,0.51,81,13,High,635.0
16,2369,0.47,73,14,Medium,701.0
18,4972,0.14,39,5,Medium,135.0
19,1007,0.51,71,6,High,304.0
18,1936,0.16,42,6,High,100.0
13,3075,0.54,54,8,Medium,737.0
16,3926,0.3,86,13,Medium,918.0
17,1058,0.42,53,18,Low,102.0
14,3602,0.32,52,4,Low,185.0
19,4122,0.1,65,17,Low,113.0
15,4899,0.21,64,5,Low,320.0
17,4557,0.59,38,3,Low,322.0
19,4215,0.58,34,4,High,522.0
18,1801,0.23,97,5,High,386.0
18,2655,0.6,85,14,Low,868.0
17,1192,0.52,58,15,Low,238.0
18,4850,0.39,37,17,Low,472.0
16,1978,0.07,89,6,Low,100.0
13,756,0.55,78,10,Low,207.0
14,2930,0.36,51,16,High,630.0
13,941,0.53,40,17,Low,176.0
19,2381,0.51,59,14,Low,478.0
14,3146,0.51,46,12,Low,432.0
14,4320,0.43,21,9,High,377.0
13,2235,0.21,99,15,High,633.0
17,4235,0.23,58,12,High,552.0
14,3145,0.22,75,14,Medium,433.0
13,518,0.06,32,18,Low,100.0
14,1624,0.37,75,6,Low,276.0
15,4485,0.43,85,4,Medium,860.0
17,3154,0.52,97,12,High,1707.0
16,2580,0.13,75,13,Low,119.0
14,2047,0.35,47,19,Medium,260.0
15,1361,0.05,83,13,Medium,149.0
16,654,0.1,90,12,Low,100.0
16,3994,0.08,83,3,Medium,144.0
19,1404,0.45,75,3,Medium,240.0
14,1769,0.09,60,14,Low,134.0
13,904,0.44,60,18,Medium,210.0
14,1343,0.19,23,19,High,100.0
15,2282,0.53,76,10,Low,548.0
16,2064,0.5,49,17,Medium,390.0
14,1684,0.58,65,15,Low,479.0
13,1246,0.54,75,19,Medium,583.0
19,2225,0.56,50,9,High,625.0
14,3688,0.52,26,4,Medium,217.0
17,770,0.43,96,15,Low,245.0
19,4456,0.14,73,19,High,573.0
13,671,0.2,27,16,High,100.0
15,773,0.17,74,8,Medium,100.0
16,2806,0.38,88,17,Medium,858.0
14,1658,0.33,63,1,Low,100.0
13,2206,0.53,32,7,High,259.0
19,2271,0.57,39,18,Medium,378.0
17,921,0.27,97,12,Medium,221.0
13,1709,0.33,51,16,Low,240.0
18,1390,0.58,79,1,Medium,119.0
17,3767,0.2,69,15,High,587.0
19,1973,0.49,46,7,High,427.0
15,3743,0.17,44,17,Low,185.0
16,4978,0.42,71,3,Medium,648.0
19,2681,0.19,87,11,Medium,377.0
15,1949,0.54,40,6,High,350.0
14,3596,0.36,37,6,High,336.0
13,3756,0.15,58,15,High,381.0
18,3656,0.17,34,7,High,197.0
17,2090,0.32,72,11,Low,248.0
17,4739,0.58,57,17,High,1980.0
13,4481,0.47,67,18,Medium,1389.0
18,1935,0.32,71,19,Low,289.0
13,723,0.24,91,8,Low,100.0
14,719,0.35,47,8,Low,100.0
15,4774,0.46,35,11,High,804.0
19,2154,0.48,35,3,Medium,155.0
17,764,0.23,54,14,High,100.0
14,1453,0.45,36,9,Medium,179.0
15,4233,0.41,92,1,Medium,379.0
14,3274,0.58,71,1,Low,338.0
18,3624,0.56,31,12,Medium,552.0
17,979,0.48,67,11,Medium,224.0
19,4014,0.45,41,1,Low,100.0
13,1853,0.2,68,12,High,223.0
13,3822,0.52,71,17,Medium,1315.0
15,4378,0.29,98,15,Low,769.0
19,1389,0.2,20,2,High,100.0
16,4354,0.26,85,18,Low,631.0
18,1424,0.51,83,16,Medium,549.0
15,2670,0.13,27,4,Medium,100.0
16,2402,0.3,44,8,Low,161.0
14,2895,0.32,85,2,Medium,239.0
18,528,0.07,92,14,Medium,100.0
14,534,0.16,92,15,Medium,100.0
19,4089,0.5,96,9,Low,1061.0
17,3170,0.51,89,2,Low,307.0
18,3865,0.21,98,17,Low,500.0
16,1088,0.53,70,10,High,406.0
17,3718,0.47,72,9,Low,658.0
13,3638,0.28,34,2,Medium,163.0
16,1403,0.46,69,19,High,617.0
15,4586,0.58,90,17,High,2966.0
13,2669,0.3,94,11,High,859.0
13,839,0.18,57,17,High,100.0
15,4770,0.57,59,10,Medium,1305.0
18,2214,0.38,85,18,Medium,661.0
13,1056,0.11,58,6,Low,100.0
19,3587,0.36,93,16,Low,815.0
16,3766,0.33,36,18,Medium,436.0
17,4067,0.52,26,18,Low,324.0
13,2556,0.34,58,1,High,100.0
16,4399,0.19,87,3,Low,260.0
14,1516,0.42,54,15,Low,206.0
16,2562,0.35,70,10,Medium,484.0
17,1338,0.18,66,5,Low,140.0
16,2137,0.37,55,15,High,468.0
15,4821,0.5,83,14,High,2350.0
17,3996,0.07,32,15,High,100.0
18,2313,0.4,37,10,Medium,261.0
14,3979,0.24,40,9,High,321.0
15,1951,0.21,84,12,Low,166.0
18,2813,0.27,27,7,High,203.0
16,2014,0.24,67,5,Low,198.0
17,1731,0.51,62,10,Low,323.0
14,2145,0.2,72,8,High,305.0
15,3499,0.45,46,16,Medium,801.0
18,3940,0.1,38,12,High,192.0
18,4556,0.57,42,9,Medium,778.0
14,805,0.39,69,10,High,138.0
19,4036,0.44,70,16,High,1523.0
16,2223,0.21,62,10,Medium,158.0
14,2189,0.28,70,9,Medium,274.0
18,2017,0.17,88,3,Medium,153.0
13,4417,0.56,60,19,High,1950.0
15,919,0.32,91,11,Low,139.0
14,3436,0.4,30,6,Medium,203.0
19,4362,0.45,99,6,Medium,1235.0
18,4729,0.25,71,15,Low,521.0
16,1950,0.45,42,15,Low,241.0
18,3596,0.42,68,13,Medium,830.0
16,3761,0.44,57,5,High,680.0
14,1664,0.32,66,14,Medium,364.0
16,2369,0.26,91,2,Medium,240.0
17,2319,0.17,26,12,Medium,145.0
17,3205,0.5,85,14,Medium,1119.0
17,4015,0.38,96,19,High,1829.0
19,1842,0.29,81,15,Medium,444.0
19,2726,0.57,48,17,Low,525.0
13,1579,0.08,57,14,Low,100.0
19,4706,0.52,52,18,High,1582.0
14,3279,0.6,48,5,High,691.0
18,3028,0.54,98,12,Low,947.0
18,1313,0.5,42,10,Low,130.0
13,2531,0.26,22,8,Medium,131.0
19,822,0.18,64,6,High,100.0
16,3469,0.45,27,15,Medium,335.0
13,1403,0.22,48,12,High,194.0
16,2041,0.15,21,6,High,116.0
16,4003,0.48,69,12,High,1518.0
15,3153,0.22,84,15,Medium,564.0
18,2976,0.55,39,12,Medium,572.0
17,3840,0.51,71,9,High,1309.0
19,4743,0.52,56,19,Medium,1325.0
16,1641,0.47,91,2,Low,169.0
15,1349,0.53,46,13,Low,229.0
18,866,0.49,66,13,Medium,213.0
17,3397,0.38,25,8,Medium,218.0
16,1589,0.21,79,13,Medium,256.0
16,4541,0.54,64,4,Low,588.0
13,2538,0.51,63,6,Medium,538.0
13,3360,0.31,37,6,Low,134.0
18,4770,0.07,84,12,Medium,220.0
17,2354,0.4,44,12,Medium,326.0
16,994,0.08,46,17,High,100.0
18,3682,0.56,26,7,High,454.0
18,2284,0.58,63,15,High,960.0
14,4010,0.15,48,17,High,363.0
19,4286,0.42,63,10,Medium,998.0
13,4630,0.1,55,6,Low,143.0
17,1498,0.45,38,9,Medium,105.0
16,4969,0.24,25,15,Medium,289.0
18,1951,0.42,44,16,Medium,310.0
16,2251,0.26,50,8,Medium,164.0
14,2780,0.13,28,16,High,158.0
17,3434,0.27,93,5,Low,359.0
18,4234,0.11,56,18,Medium,377.0
16,3846,0.37,46,14,High,751.0
13,2373,0.07,32,2,High,100.0
19,4303,0.34,60,3,Low,340.0
14,2479,0.54,85,14,High,1317.0
17,1198,0.51,43,7,Low,100.0
14,1812,0.54,63,15,High,686.0
13,3462,0.56,79,17,Medium,1438.0
17,3438,0.11,28,1,Medium,100.0
14,2800,0.12,21,9,High,133.0
15,3697,0.36,75,14,Low,662.0
13,626,0.54,49,16,Low,136.0
13,1691,0.59,41,13,Medium,409.0
13,3139,0.08,94,6,Low,137.0
15,4889,0.25,32,1,High,100.0
15,4416,0.17,90,4,Medium,346.0
16,1866,0.47,35,3,Low,100.0
18,1519,0.4,64,17,Medium,432.0
19,4579,0.12,84,2,Medium,119.0
14,1184,0.32,30,19,Low,100.0
16,4129,0.43,89,8,Medium,1149.0
14,3387,0.48,39,15,High,847.0
19,1962,0.06,82,6,Medium,100.0
18,4586,0.54,31,2,Medium,329.0
15,2761,0.36,81,15,Medium,678.0
18,4680,0.5,61,12,Low,875.0
15,3341,0.49,88,3,Low,404.0
19,2267,0.15,77,10,High,305.0
18,4680,0.11,24,14,High,100.0
16,4060,0.45,46,14,Low,506.0
17,2612,0.14,47,3,Medium,100.0
16,1126,0.52,45,1,High,100.0
14,4659,0.45,68,1,Low,156.0
16,3914,0.51,40,2,Low,234.0
19,1875,0.21,20,19,High,105.0
13,1681,0.22,77,10,High,268.0
14,990,0.42,98,4,Low,157.0
18,4229,0.07,74,4,Medium,100.0
14,4034,0.45,45,13,Low,512.0
17,3796,0.51,44,9,Medium,640.0
15,2440,0.28,96,7,High,696.0
18,4908,0.47,52,16,Medium,1198.0
14,2382,0.15,91,18,Medium,361.0
18,3487,0.23,88,3,Medium,336.0
18,3659,0.59,25,10,Low,319.0
18,1181,0.59,42,16,Low,253.0
15,1573,0.33,49,3,High,165.0
19,2887,0.56,97,11,Medium,1297.0
16,2894,0.34,73,10,Low,367.0
18,3193,0.21,30,16,Medium,153.0
13,1870,0.2,50,8,High,170.0
19,4840,0.56,25,9,Medium,382.0
17,2656,0.14,30,15,Medium,100.0
15,3080,0.37,96,3,Low,337.0
14,4891,0.36,31,4,Low,246.0
15,2659,0.46,85,13,High,1233.0
14,3748,0.32,72,12,Medium,856.0
15,4231,0.2,55,9,High,487.0
14,4329,0.14,36,14,High,260.0
18,2127,0.39,47,19,High,470.0
16,3972,0.45,41,7,Low,298.0
14,527,0.36,26,16,Low,100.0
14,2485,0.46,34,5,Medium,227.0
13,4653,0.13,30,10,Low,121.0
14,2021,0.54,43,18,High,591.0
13,796,0.37,86,11,High,271.0
17,2681,0.12,49,7,Medium,119.0
18,3902,0.3,89,14,Low,670.0
13,2796,0.51,85,18,Low,868.0
16,3097,0.54,80,11,Medium,1030.0
19,1401,0.2,97,12,High,327.0
18,1598,0.44,60,18,Medium,344.0
13,2177,0.1,70,2,Low,100.0
18,3381,0.07,63,1,Low,100.0
18,1878,0.36,32,10,High,218.0
18,1748,0.43,31,1,Medium,100.0
17,4235,0.49,28,6,High,490.0
16,4741,0.24,67,7,High,731.0
15,1764,0.05,68,17,Medium,107.0
15,2407,0.31,72,9,Low,329.0
13,1558,0.06,75,7,Medium,100.0
18,3249,0.1,59,17,Medium,211.0
13,2548,0.23,43,3,High,100.0
17,4748,0.29,91,16,Low,710.0
17,2976,0.2,52,5,Low,184.0
14,4516,0.37,42,18,Medium,606.0
17,3697,0.08,96,1,Low,100.0
14,4053,0.13,73,4,Medium,274.0
16,4940,0.43,72,11,Low,903.0
13,2261,0.13,68,9,Low,124.0
19,720,0.4,97,8,Medium,199.0
16,3388,0.08,97,8,Medium,196.0
17,2164,0.27,99,5,Medium,309.0
16,4486,0.15,68,12,Low,246.0
16,3477,0.11,79,1,High,100.0
16,2371,0.36,84,15,Low,469.0
17,1962,0.56,51,18,Low,371.0
19,844,0.08,98,6,Medium,100.0
18,544,0.28,40,10,Low,112.0
16,2568,0.44,37,14,Medium,419.0
14,2014,0.3,79,8,High,438.0
17,3098,0.49,32,3,Medium,270.0
16,1501,0.15,43,19,Medium,100.0
19,1533,0.58,49,12,Medium,383.0
18,2540,0.26,21,12,Low,100.0
17,773,0.24,44,15,Medium,100.0
15,3147,0.53,69,7,Medium,772.0
18,2279,0.36,33,4,High,197.0
14,4976,0.33,25,9,Low,303.0
16,978,0.45,95,16,Medium,388.0
19,1015,0.37,49,13,High,184.0
15,4786,0.14,49,4,High,203.0
19,1691,0.42,57,9,High,327.0
15,3168,0.12,77,18,Medium,303.0
17,1911,0.49,60,15,Medium,538.0
15,3780,0.59,76,15,High,2010.0
14,771,0.26,55,6,Low,100.0
14,642,0.29,83,11,Low,135.0
13,3832,0.08,35,8,High,104.0
14,1287,0.06,97,17,Medium,100.0
18,2181,0.56,91,17,High,1480.0
15,1122,0.12,33,18,High,100.0
14,4341,0.3,50,4,High,486.0
17,4176,0.5,85,15,Low,1136.0
19,3072,0.54,87,2,Medium,573.0
19,3760,0.34,84,2,High,464.0
13,566,0.36,74,10,High,164.0
19,4786,0.42,97,3,Medium,854.0
15,1640,0.58,59,8,Low,195.0
13,2814,0.38,44,7,High,488.0
15,3032,0.36,44,12,Medium,383.0
17,4080,0.06,22,19,Medium,100.0
13,1687,0.09,88,15,Medium,100.0
16,4971,0.37,45,14,Medium,827.0
18,3839,0.56,59,16,High,1600.0
18,1048,0.53,57,14,Medium,271.0
15,4587,0.59,57,3,Medium,745.0
19,572,0.34,87,18,Low,100.0
16,698,0.48,26,6,Medium,100.0
13,3701,0.51,49,17,Medium,857.0
16,2281,0.41,38,14,High,433.0
16,1071,0.24,54,14,Medium,100.0
19,1290,0.31,52,13,Medium,150.0
13,2138,0.52,52,3,Medium,272.0
17,2331,0.21,97,13,Medium,420.0
19,2355,0.56,57,2,Medium,198.0
16,1674,0.18,29,9,Medium,100.0
16,4240,0.46,76,13,Medium,1306.0
17,3777,0.4,47,8,Medium,528.0
16,678,0.46,97,16,Low,230.0
16,2744,0.29,57,3,High,278.0
16,4586,0.56,35,13,High,960.0
18,1234,0.4,40,4,Medium,100.0
19,1298,0.21,25,18,Medium,100.0
14,1287,0.4,60,2,High,100.0
19,3295,0.21,34,15,Low,100.0
17,4804,0.21,22,17,High,259.0
16,3584,0.27,62,10,Low,344.0
19,3418,0.52,66,1,Medium,175.0
18,1231,0.33,33,6,High,100.0
17,1629,0.42,85,3,Medium,291.0
15,3946,0.27,48,19,Medium,539.0
19,2105,0.19,23,7,High,100.0
15,4278,0.58,45,13,High,1277.0
16,3245,0.38,31,13,Medium,381.0
18,3670,0.56,21,17,Medium,440.0
18,3433,0.16,36,1,Medium,100.0
19,1715,0.13,54,14,High,100.0
17,824,0.52,29,3,High,100.0
17,2350,0.42,62,14,High,787.0
18,1990,0.15,40,1,High,100.0
17,1393,0.2,34,16,Low,100.0
18,1890,0.49,54,10,High,520.0
19,3889,0.3,79,13,High,1083.0
14,4739,0.42,63,4,High,877.0
18,4979,0.23,24,9,Low,100.0
15,2763,0.26,92,14,High,809.0
17,3932,0.59,37,4,Low,275.0
18,2871,0.19,40,10,Low,124.0
18,3586,0.33,91,8,Medium,814.0
19,4812,0.51,93,3,Medium,1002.0
17,2015,0.18,70,7,Medium,124.0
14,3417,0.28,60,10,High,612.0
19,2852,0.39,43,3,Medium,162.0
14,1667,0.31,43,2,Low,100.0
19,610,0.3,57,15,Low,123.0
17,4827,0.25,63,9,High,829.0
13,4155,0.37,76,15,Low,656.0
17,4293,0.39,78,17,Low,857.0
17,2255,0.41,53,7,Medium,398.0
14,2077,0.09,94,18,Medium,150.0
14,1796,0.4,42,15,High,397.0
17,4274,0.57,62,18,High,1942.0
17,2720,0.35,59,12,High,585.0
17,1472,0.44,66,8,Medium,330.0
14,1530,0.36,60,2,Medium,144.0
17,3093,0.52,66,2,Medium,429.0
17,4492,0.56,39,5,Medium,496.0
16,1413,0.15,96,1,Low,100.0
13,2681,0.29,84,4,Medium,380.0
15,3697,0.27,87,6,Low,332.0
13,1962,0.27,43,13,High,250.0
16,2878,0.12,55,19,High,285.0
15,3954,0.5,64,11,Low,669.0
19,4053,0.07,21,13,Low,100.0
17,1807,0.34,47,8,High,272.0
16,1689,0.41,45,7,Medium,191.0
19,1187,0.16,42,13,High,102.0
17,1707,0.55,98,1,Medium,251.0
14,2394,0.51,55,6,High,572.0
18,2311,0.31,25,7,High,159.0
16,3683,0.28,54,16,Low,404.0
14,4297,0.18,57,15,Low,276.0
16,2144,0.45,54,2,Medium,151.0
16,4468,0.12,93,16,High,661.0
14,3216,0.42,72,17,Low,525.0
15,690,0.51,57,15,Medium,186.0
13,1835,0.18,78,3,Medium,100.0
17,3606,0.53,62,4,High,768.0
16,878,0.07,23,12,High,100.0
17,4982,0.55,24,5,Medium,410.0
18,4329,0.12,87,17,Low,259.0
14,1115,0.41,64,6,Low,100.0
17,2830,0.19,99,10,Medium,354.0
14,2254,0.51,44,18,Medium,580.0
17,963,0.33,97,10,Medium,339.0
13,1466,0.12,30,6,High,100.0
13,4767,0.36,48,6,Medium,458.0
13,3658,0.27,53,15,High,612.0
13,4124,0.41,33,4,Low,100.0
13,1189,0.54,43,16,Low,196.0
13,3122,0.28,78,8,Medium,442.0
14,2712,0.21,58,7,Medium,165.0
16,882,0.06,45,19,Medium,100.0
17,2756,0.37,62,17,High,773.0
13,4310,0.27,55,13,Medium,598.0
14,4003,0.26,58,15,Medium,610.0
14,1912,0.15,80,2,High,103.0
14,2083,0.29,35,10,Medium,166.0
16,871,0.59,78,13,Low,296.0
17,1110,0.21,25,18,Low,100.0
16,615,0.38,75,11,High,244.0
15,946,0.48,27,13,High,100.0
19,1891,0.46,46,19,Low,258.0
14,3824,0.23,90,5,Medium,475.0
15,1840,0.39,46,3,High,135.0
18,3439,0.53,65,19,High,1534.0
13,4199,0.06,60,13,Medium,140.0
19,1573,0.29,98,5,High,305.0
13,4069,0.17,44,12,Medium,218.0
16,3650,0.26,37,14,Low,175.0
19,2105,0.28,31,6,Low,100.0
17,2794,0.46,70,9,Medium,761.0
15,4162,0.1,58,17,Medium,219.0
17,4982,0.33,29,8,High,380.0
16,1483,0.36,93,13,Low,295.0
13,851,0.32,96,5,Medium,166.0
19,2224,0.45,73,17,Low,445.0
17,2451,0.26,48,3,High,163.0
17,1779,0.57,60,6,High,571.0
13,2407,0.31,28,14,Low,100.0
19,1524,0.36,82,15,Medium,381.0
15,1045,0.5,96,14,Low,212.0
13,4674,0.2,56,11,Medium,518.0
17,2881,0.09,33,11,Low,100.0
15,1388,0.44,92,9,Medium,422.0
15,1605,0.32,91,6,High,352.0
13,3049,0.54,58,15,Medium,831.0
17,2490,0.59,59,12,Low,498.0
16,4498,0.27,73,6,Medium,591.0
17,4275,0.28,22,1,Medium,100.0
14,3312,0.27,74,16,Medium,593.0
19,1420,0.23,52,15,Low,151.0
18,2561,0.48,90,2,High,599.0
16,4987,0.47,38,17,Medium,873.0
15,4139,0.31,53,3,Low,184.0
16,3665,0.07,97,3,Low,100.0
19,4935,0.22,69,5,High,594.0
15,3144,0.21,66,17,Low,275.0
19,1545,0.5,65,17,High,655.0
15,4056,0.1,75,6,Medium,158.0
16,3181,0.49,76,1,Medium,350.0
15,3699,0.42,70,7,High,961.0
15,1438,0.45,73,15,Low,270.0
14,941,0.29,47,7,Medium,117.0
17,3050,0.42,38,19,Medium,430.0
17,4725,0.38,46,11,High,884.0
18,1096,0.47,67,14,Medium,377.0
18,2005,0.3,38,13,Medium,137.0
14,1361,0.31,70,9,Low,216.0
18,3140,0.4,26,9,Medium,182.0
19,4231,0.11,48,16,Low,187.0
16,2051,0.29,62,12,Low,170.0
13,3736,0.58,88,10,Low,1111.0
19,2236,0.07,77,6,Medium,100.0
13,1949,0.22,27,18,Medium,100.0
13,764,0.22,61,2,Medium,100.0
